citations,description,dir_csd,dir_dec,dir_inc,experiment,external_database_ids,instrument_codes,magn_moment,magn_volume,meas_n_orient,meas_temp,measurement,method_codes,quality,sequence,software_packages,specimen,standard,timestamp,treat_ac_field,treat_dc_field,treat_dc_field_phi,treat_dc_field_theta,treat_step_num,treat_temp,core_depth,core_sects,offset,core,section
This study,IN-LINE AF DEMAG:,0.0,239.2,30.0,999-U999A-1H-1-A-100.0_LP-DIR-AF,LORE[112708361],IODP-SRM:IODP-SRM-AF,7.862391074603195e-07,0.0057901,1.0,273.0,999-U999A-1H-1-A-100.0_LP-DIR-AF-14,LT-AF-Z:LP-DIR-AF,g,13,pmagpy-4.2.25-1,999-U999A-1H-1-A-100.0,u,2019-01-25T02:22:20Z,0.01,0,0,0,3,273.0,4.0,1H-1,100.0,1H,1
This study,IN-LINE AF DEMAG:,0.0,237.0,31.6,999-U999A-1H-1-A-102.5_LP-DIR-AF,LORE[112708361],IODP-SRM:IODP-SRM-AF,7.585166137930005e-07,0.005556,1.0,273.0,999-U999A-1H-1-A-102.5_LP-DIR-AF-20,LT-AF-Z:LP-DIR-AF,g,19,pmagpy-4.2.25-1,999-U999A-1H-1-A-102.5,u,2019-01-25T02:22:20Z,0.01,0,0,0,1,273.0,4.025,1H-1,102.5,1H,1
This study,IN-LINE AF DEMAG:,0.0,237.0,31.0,999-U999A-1H-1-A-105.0_LP-DIR-AF,LORE[112708361],IODP-SRM:IODP-SRM-AF,7.63860331539739e-07,0.0056068,1.0,273.0,999-U999A-1H-1-A-105.0_LP-DIR-AF-23,LT-AF-Z:LP-DIR-AF,g,22,pmagpy-4.2.25-1,999-U999A-1H-1-A-105.0,u,2019-01-25T02:22:20Z,0.01,0,0,0,1,273.0,4.05,1H-1,105.0,1H,1
This study,IN-LINE AF DEMAG:,0.0,238.1,27.2,999-U999A-1H-1-A-107.5_LP-DIR-AF,LORE[112708361],IODP-SRM:IODP-SRM-AF,8.002841092387128e-07,0.0059516000000000005,1.0,273.0,999-U999A-1H-1-A-107.5_LP-DIR-AF-26,LT-AF-Z:LP-DIR-AF,g,25,pmagpy-4.2.25-1,999-U999A-1H-1-A-107.5,u,2019-01-25T02:22:20Z,0.01,0,0,0,1,273.0,4.075,1H-1,107.5,1H,1
This study,IN-LINE AF DEMAG:,0.0,238.6,23.4,999-U999A-1H-1-A-110.0_LP-DIR-AF,LORE[112708361],IODP-SRM:IODP-SRM-AF,8.145929097408105e-07,0.0061311,1.0,273.0,999-U999A-1H-1-A-110.0_LP-DIR-AF-29,LT-AF-Z:LP-DIR-AF,g,28,pmagpy-4.2.25-1,999-U999A-1H-1-A-110.0,u,2019-01-25T02:22:20Z,0.01,0,0,0,1,273.0,4.1,1H-1,110.0,1H,1
This study,IN-LINE AF DEMAG:,0.0,241.8,22.4,999-U999A-1H-1-A-112.5_LP-DIR-AF,LORE[112708361],IODP-SRM:IODP-SRM-AF,8.110425482057029e-07,0.006122,1.0,273.0,999-U999A-1H-1-A-112.5_LP-DIR-AF-32,LT-AF-Z:LP-DIR-AF,g,31,pmagpy-4.2.25-1,999-U999A-1H-1-A-112.5,u,2019-01-25T02:22:20Z,0.01,0,0,0,1,273.0,4.125,1H-1,112.5,1H,1
This study,IN-LINE AF DEMAG:,0.0,247.2,25.7,999-U999A-1H-1-A-115.0_LP-DIR-AF,LORE[112708361],IODP-SRM:IODP-SRM-AF,8.24224155130144e-07,0.0061585,1.0,273.0,999-U999A-1H-1-A-115.0_LP-DIR-AF-35,LT-AF-Z:LP-DIR-AF,g,34,pmagpy-4.2.25-1,999-U999A-1H-1-A-115.0,u,2019-01-25T02:22:20Z,0.01,0,0,0,1,273.0,4.15,1H-1,115.0,1H,1
This study,IN-LINE AF DEMAG:,0.0,249.9,30.6,999-U999A-1H-1-A-117.5_LP-DIR-AF,LORE[112708361],IODP-SRM:IODP-SRM-AF,8.920203532431309e-07,0.006555199999999999,1.0,273.0,999-U999A-1H-1-A-117.5_LP-DIR-AF-38,LT-AF-Z:LP-DIR-AF,g,37,pmagpy-4.2.25-1,999-U999A-1H-1-A-117.5,u,2019-01-25T02:22:20Z,0.01,0,0,0,1,273.0,4.175,1H-1,117.5,1H,1
This study,IN-LINE AF DEMAG:,0.0,246.2,33.0,999-U999A-1H-1-A-120.0_LP-DIR-AF,LORE[112708361],IODP-SRM:IODP-SRM-AF,9.774538357385478e-07,0.007123100000000001,1.0,273.0,999-U999A-1H-1-A-120.0_LP-DIR-AF-47,LT-AF-Z:LP-DIR-AF,g,46,pmagpy-4.2.25-1,999-U999A-1H-1-A-120.0,u,2019-01-25T02:22:20Z,0.01,0,0,0,1,273.0,4.2,1H-1,120.0,1H,1
This study,IN-LINE AF DEMAG:,0.0,244.1,32.8,999-U999A-1H-1-A-122.5_LP-DIR-AF,LORE[112708361],IODP-SRM:IODP-SRM-AF,9.75042069656484e-07,0.007109000000000002,1.0,273.0,999-U999A-1H-1-A-122.5_LP-DIR-AF-50,LT-AF-Z:LP-DIR-AF,g,49,pmagpy-4.2.25-1,999-U999A-1H-1-A-122.5,u,2019-01-25T02:22:20Z,0.01,0,0,0,1,273.0,4.225,1H-1,122.5,1H,1
This study,IN-LINE AF DEMAG:,0.0,249.3,33.9,999-U999A-1H-1-A-125.0_LP-DIR-AF,LORE[112708361],IODP-SRM:IODP-SRM-AF,8.79658365162294e-07,0.006389199999999999,1.0,273.0,999-U999A-1H-1-A-125.0_LP-DIR-AF-53,LT-AF-Z:LP-DIR-AF,g,52,pmagpy-4.2.25-1,999-U999A-1H-1-A-125.0,u,2019-01-25T02:22:20Z,0.01,0,0,0,1,273.0,4.25,1H-1,125.0,1H,1
This study,IN-LINE AF DEMAG:,0.0,257.6,35.5,999-U999A-1H-1-A-127.5_LP-DIR-AF,LORE[112708361],IODP-SRM:IODP-SRM-AF,8.382870217890767e-07,0.0060545,1.0,273.0,999-U999A-1H-1-A-127.5_LP-DIR-AF-56,LT-AF-Z:LP-DIR-AF,g,55,pmagpy-4.2.25-1,999-U999A-1H-1-A-127.5,u,2019-01-25T02:22:20Z,0.01,0,0,0,1,273.0,4.275,1H-1,127.5,1H,1
This study,IN-LINE AF DEMAG:,0.0,257.0,34.2,999-U999A-1H-1-A-130.0_LP-DIR-AF,LORE[112708361],IODP-SRM:IODP-SRM-AF,9.077229644004828e-07,0.006586799999999999,1.0,273.0,999-U999A-1H-1-A-130.0_LP-DIR-AF-59,LT-AF-Z:LP-DIR-AF,g,58,pmagpy-4.2.25-1,999-U999A-1H-1-A-130.0,u,2019-01-25T02:22:20Z,0.01,0,0,0,1,273.0,4.3,1H-1,130.0,1H,1
This study,IN-LINE AF DEMAG:,0.0,253.7,31.4,999-U999A-1H-1-A-132.5_LP-DIR-AF,LORE[112708361],IODP-SRM:IODP-SRM-AF,9.760128410528211e-07,0.0071538,1.0,273.0,999-U999A-1H-1-A-132.5_LP-DIR-AF-62,LT-AF-Z:LP-DIR-AF,g,61,pmagpy-4.2.25-1,999-U999A-1H-1-A-132.5,u,2019-01-25T02:22:20Z,0.01,0,0,0,1,273.0,4.325,1H-1,132.5,1H,1
This study,IN-LINE AF DEMAG:,0.0,253.5,31.3,999-U999A-1H-1-A-135.0_LP-DIR-AF,LORE[112708361],IODP-SRM:IODP-SRM-AF,9.381875192625408e-07,0.006878399999999999,1.0,273.0,999-U999A-1H-1-A-135.0_LP-DIR-AF-65,LT-AF-Z:LP-DIR-AF,g,64,pmagpy-4.2.25-1,999-U999A-1H-1-A-135.0,u,2019-01-25T02:22:20Z,0.01,0,0,0,1,273.0,4.35,1H-1,135.0,1H,1
This study,IN-LINE AF DEMAG:,0.0,253.9,35.1,999-U999A-1H-1-A-137.5_LP-DIR-AF,LORE[112708361],IODP-SRM:IODP-SRM-AF,8.809247810681681e-07,0.0063699,1.0,273.0,999-U999A-1H-1-A-137.5_LP-DIR-AF-68,LT-AF-Z:LP-DIR-AF,g,67,pmagpy-4.2.25-1,999-U999A-1H-1-A-137.5,u,2019-01-25T02:22:20Z,0.01,0,0,0,1,273.0,4.375,1H-1,137.5,1H,1
This study,IN-LINE AF DEMAG:,0.0,231.3,25.2,999-U999A-1H-1-A-82.5_LP-DIR-AF,LORE[112708361],IODP-SRM:IODP-SRM-AF,7.370630529337365e-07,0.0055163,1.0,273.0,999-U999A-1H-1-A-82.5_LP-DIR-AF-286,LT-AF-Z:LP-DIR-AF,g,285,pmagpy-4.2.25-1,999-U999A-1H-1-A-82.5,u,2019-01-25T02:22:20Z,0.01,0,0,0,1,273.0,3.825,1H-1,82.5,1H,1
This study,IN-LINE AF DEMAG:,0.0,236.9,26.8,999-U999A-1H-1-A-85.0_LP-DIR-AF,LORE[112708361],IODP-SRM:IODP-SRM-AF,6.95526090739952e-07,0.0051786,1.0,273.0,999-U999A-1H-1-A-85.0_LP-DIR-AF-292,LT-AF-Z:LP-DIR-AF,g,291,pmagpy-4.2.25-1,999-U999A-1H-1-A-85.0,u,2019-01-25T02:22:20Z,0.01,0,0,0,1,273.0,3.85,1H-1,85.0,1H,1
This study,IN-LINE AF DEMAG:,0.0,241.5,29.7,999-U999A-1H-1-A-87.5_LP-DIR-AF,LORE[112708361],IODP-SRM:IODP-SRM-AF,6.97410537130032e-07,0.0051422,1.0,273.0,999-U999A-1H-1-A-87.5_LP-DIR-AF-298,LT-AF-Z:LP-DIR-AF,g,297,pmagpy-4.2.25-1,999-U999A-1H-1-A-87.5,u,2019-01-25T02:22:20Z,0.01,0,0,0,1,273.0,3.875,1H-1,87.5,1H,1
This study,IN-LINE AF DEMAG:,0.0,241.7,32.4,999-U999A-1H-1-A-90.0_LP-DIR-AF,LORE[112708361],IODP-SRM:IODP-SRM-AF,7.168866475252555e-07,0.0052374,1.0,273.0,999-U999A-1H-1-A-90.0_LP-DIR-AF-306,LT-AF-Z:LP-DIR-AF,g,305,pmagpy-4.2.25-1,999-U999A-1H-1-A-90.0,u,2019-01-25T02:22:20Z,0.01,0,0,0,3,273.0,3.9,1H-1,90.0,1H,1
This study,IN-LINE AF DEMAG:,0.0,239.0,31.2,999-U999A-1H-1-A-92.5_LP-DIR-AF,LORE[112708361],IODP-SRM:IODP-SRM-AF,7.551011232940924e-07,0.0055376,1.0,273.0,999-U999A-1H-1-A-92.5_LP-DIR-AF-312,LT-AF-Z:LP-DIR-AF,g,311,pmagpy-4.2.25-1,999-U999A-1H-1-A-92.5,u,2019-01-25T02:22:20Z,0.01,0,0,0,1,273.0,3.925,1H-1,92.5,1H,1
This study,IN-LINE AF DEMAG:,0.0,238.1,28.7,999-U999A-1H-1-A-95.0_LP-DIR-AF,LORE[112708361],IODP-SRM:IODP-SRM-AF,7.903982670780596e-07,0.0058456,1.0,273.0,999-U999A-1H-1-A-95.0_LP-DIR-AF-318,LT-AF-Z:LP-DIR-AF,g,317,pmagpy-4.2.25-1,999-U999A-1H-1-A-95.0,u,2019-01-25T02:22:20Z,0.01,0,0,0,1,273.0,3.95,1H-1,95.0,1H,1
This study,IN-LINE AF DEMAG:,0.0,239.4,27.9,999-U999A-1H-1-A-97.5_LP-DIR-AF,LORE[112708361],IODP-SRM:IODP-SRM-AF,8.139846103582058e-07,0.0060354,1.0,273.0,999-U999A-1H-1-A-97.5_LP-DIR-AF-324,LT-AF-Z:LP-DIR-AF,g,323,pmagpy-4.2.25-1,999-U999A-1H-1-A-97.5,u,2019-01-25T02:22:20Z,0.01,0,0,0,1,273.0,3.975,1H-1,97.5,1H,1
This study,IN-LINE AF DEMAG:,0.0,34.0,-75.6,999-U999A-1H-2-A-100.0_LP-DIR-AF,LORE[113385651],IODP-SRM:IODP-SRM-AF,4.0137038111076415e-06,0.023565,1.0,273.0,999-U999A-1H-2-A-100.0_LP-DIR-AF-334,LT-AF-Z:LP-DIR-AF,g,333,pmagpy-4.2.25-1,999-U999A-1H-2-A-100.0,u,2019-03-28T23:37:09Z,0.01,0,0,0,1,273.0,5.5,1H-2,100.0,1H,2
This study,IN-LINE AF DEMAG:,0.0,19.5,-75.4,999-U999A-1H-2-A-105.0_LP-DIR-AF,LORE[113385651],IODP-SRM:IODP-SRM-AF,2.8317235701247397e-06,0.016634,1.0,273.0,999-U999A-1H-2-A-105.0_LP-DIR-AF-336,LT-AF-Z:LP-DIR-AF,g,335,pmagpy-4.2.25-1,999-U999A-1H-2-A-105.0,u,2019-03-28T23:37:09Z,0.01,0,0,0,1,273.0,5.55,1H-2,105.0,1H,2
This study,IN-LINE AF DEMAG:,0.0,11.9,-74.3,999-U999A-1H-2-A-110.0_LP-DIR-AF,LORE[113385651],IODP-SRM:IODP-SRM-AF,1.615185387192752e-06,0.0095168,1.0,273.0,999-U999A-1H-2-A-110.0_LP-DIR-AF-338,LT-AF-Z:LP-DIR-AF,g,337,pmagpy-4.2.25-1,999-U999A-1H-2-A-110.0,u,2019-03-28T23:37:09Z,0.01,0,0,0,1,273.0,5.6,1H-2,110.0,1H,2
This study,IN-LINE AF DEMAG:,0.0,49.6,-86.4,999-U999A-1H-2-A-115.0_LP-DIR-AF,LORE[113385651],IODP-SRM:IODP-SRM-AF,1.2086352962134607e-06,0.006963,1.0,273.0,999-U999A-1H-2-A-115.0_LP-DIR-AF-340,LT-AF-Z:LP-DIR-AF,g,339,pmagpy-4.2.25-1,999-U999A-1H-2-A-115.0,u,2019-03-28T23:37:09Z,0.01,0,0,0,1,273.0,5.65,1H-2,115.0,1H,2
This study,IN-LINE AF DEMAG:,0.0,36.2,-84.8,999-U999A-1H-2-A-120.0_LP-DIR-AF,LORE[113385651],IODP-SRM:IODP-SRM-AF,1.760240487188327e-06,0.010156,1.0,273.0,999-U999A-1H-2-A-120.0_LP-DIR-AF-342,LT-AF-Z:LP-DIR-AF,g,341,pmagpy-4.2.25-1,999-U999A-1H-2-A-120.0,u,2019-03-28T23:37:09Z,0.01,0,0,0,1,273.0,5.7,1H-2,120.0,1H,2
This study,IN-LINE AF DEMAG:,0.0,42.0,-62.6,999-U999A-1H-2-A-15.0_LP-DIR-AF,LORE[113385651],IODP-SRM:IODP-SRM-AF,5.786657350318921e-06,0.03574,1.0,273.0,999-U999A-1H-2-A-15.0_LP-DIR-AF-350,LT-AF-Z:LP-DIR-AF,g,349,pmagpy-4.2.25-1,999-U999A-1H-2-A-15.0,u,2019-03-28T23:37:09Z,0.01,0,0,0,1,273.0,4.65,1H-2,15.0,1H,2
This study,IN-LINE AF DEMAG:,0.0,38.6,-59.9,999-U999A-1H-2-A-20.0_LP-DIR-AF,LORE[113385651],IODP-SRM:IODP-SRM-AF,6.430575013947043e-06,0.0403,1.0,273.0,999-U999A-1H-2-A-20.0_LP-DIR-AF-352,LT-AF-Z:LP-DIR-AF,g,351,pmagpy-4.2.25-1,999-U999A-1H-2-A-20.0,u,2019-03-28T23:37:09Z,0.01,0,0,0,1,273.0,4.7,1H-2,20.0,1H,2
This study,IN-LINE AF DEMAG:,0.0,33.5,-56.7,999-U999A-1H-2-A-25.0_LP-DIR-AF,LORE[113385651],IODP-SRM:IODP-SRM-AF,5.4258132717593584e-06,0.034654000000000004,1.0,273.0,999-U999A-1H-2-A-25.0_LP-DIR-AF-354,LT-AF-Z:LP-DIR-AF,g,353,pmagpy-4.2.25-1,999-U999A-1H-2-A-25.0,u,2019-03-28T23:37:09Z,0.01,0,0,0,1,273.0,4.75,1H-2,25.0,1H,2
This study,IN-LINE AF DEMAG:,0.0,49.2,-61.5,999-U999A-1H-2-A-30.0_LP-DIR-AF,LORE[113385651],IODP-SRM:IODP-SRM-AF,5.541877444512825e-06,0.034417,1.0,273.0,999-U999A-1H-2-A-30.0_LP-DIR-AF-356,LT-AF-Z:LP-DIR-AF,g,355,pmagpy-4.2.25-1,999-U999A-1H-2-A-30.0,u,2019-03-28T23:37:09Z,0.01,0,0,0,1,273.0,4.8,1H-2,30.0,1H,2
This study,IN-LINE AF DEMAG:,0.0,37.0,-56.5,999-U999A-1H-2-A-35.0_LP-DIR-AF,LORE[113385651],IODP-SRM:IODP-SRM-AF,5.9595368578439045e-06,0.038091,1.0,273.0,999-U999A-1H-2-A-35.0_LP-DIR-AF-358,LT-AF-Z:LP-DIR-AF,g,357,pmagpy-4.2.25-1,999-U999A-1H-2-A-35.0,u,2019-03-28T23:37:09Z,0.01,0,0,0,1,273.0,4.85,1H-2,35.0,1H,2
This study,IN-LINE AF DEMAG:,0.0,39.3,-62.2,999-U999A-1H-2-A-40.0_LP-DIR-AF,LORE[113385651],IODP-SRM:IODP-SRM-AF,4.777522011890683e-06,0.029565,1.0,273.0,999-U999A-1H-2-A-40.0_LP-DIR-AF-360,LT-AF-Z:LP-DIR-AF,g,359,pmagpy-4.2.25-1,999-U999A-1H-2-A-40.0,u,2019-03-28T23:37:09Z,0.01,0,0,0,1,273.0,4.9,1H-2,40.0,1H,2
This study,IN-LINE AF DEMAG:,0.0,36.4,-61.3,999-U999A-1H-2-A-45.0_LP-DIR-AF,LORE[113385651],IODP-SRM:IODP-SRM-AF,5.2674690269616205e-06,0.032760000000000004,1.0,273.0,999-U999A-1H-2-A-45.0_LP-DIR-AF-362,LT-AF-Z:LP-DIR-AF,g,361,pmagpy-4.2.25-1,999-U999A-1H-2-A-45.0,u,2019-03-28T23:37:09Z,0.01,0,0,0,1,273.0,4.95,1H-2,45.0,1H,2
This study,IN-LINE AF DEMAG:,0.0,25.4,-62.1,999-U999A-1H-2-A-50.0_LP-DIR-AF,LORE[113385651],IODP-SRM:IODP-SRM-AF,5.806257437291253e-06,0.035976,1.0,273.0,999-U999A-1H-2-A-50.0_LP-DIR-AF-366,LT-AF-Z:LP-DIR-AF,g,365,pmagpy-4.2.25-1,999-U999A-1H-2-A-50.0,u,2019-03-28T23:37:09Z,0.01,0,0,0,1,273.0,5.0,1H-2,50.0,1H,2
This study,IN-LINE AF DEMAG:,0.0,26.1,-65.4,999-U999A-1H-2-A-55.0_LP-DIR-AF,LORE[113385651],IODP-SRM:IODP-SRM-AF,5.699344568456972e-06,0.034715,1.0,273.0,999-U999A-1H-2-A-55.0_LP-DIR-AF-368,LT-AF-Z:LP-DIR-AF,g,367,pmagpy-4.2.25-1,999-U999A-1H-2-A-55.0,u,2019-03-28T23:37:09Z,0.01,0,0,0,1,273.0,5.05,1H-2,55.0,1H,2
This study,IN-LINE AF DEMAG:,0.0,24.5,-67.8,999-U999A-1H-2-A-60.0_LP-DIR-AF,LORE[113385651],IODP-SRM:IODP-SRM-AF,6.468583638054006e-06,0.038996,1.0,273.0,999-U999A-1H-2-A-60.0_LP-DIR-AF-370,LT-AF-Z:LP-DIR-AF,g,369,pmagpy-4.2.25-1,999-U999A-1H-2-A-60.0,u,2019-03-28T23:37:09Z,0.01,0,0,0,1,273.0,5.1,1H-2,60.0,1H,2
This study,IN-LINE AF DEMAG:,0.0,20.4,-62.9,999-U999A-1H-2-A-65.0_LP-DIR-AF,LORE[113385651],IODP-SRM:IODP-SRM-AF,6.22030281115799e-06,0.038385,1.0,273.0,999-U999A-1H-2-A-65.0_LP-DIR-AF-372,LT-AF-Z:LP-DIR-AF,g,371,pmagpy-4.2.25-1,999-U999A-1H-2-A-65.0,u,2019-03-28T23:37:09Z,0.01,0,0,0,1,273.0,5.15,1H-2,65.0,1H,2
This study,IN-LINE AF DEMAG:,0.0,28.8,-71.2,999-U999A-1H-2-A-70.0_LP-DIR-AF,LORE[113385651],IODP-SRM:IODP-SRM-AF,4.822205091822622e-06,0.028703,1.0,273.0,999-U999A-1H-2-A-70.0_LP-DIR-AF-374,LT-AF-Z:LP-DIR-AF,g,373,pmagpy-4.2.25-1,999-U999A-1H-2-A-70.0,u,2019-03-28T23:37:09Z,0.01,0,0,0,1,273.0,5.2,1H-2,70.0,1H,2
This study,IN-LINE AF DEMAG:,0.0,22.4,-70.7,999-U999A-1H-2-A-75.0_LP-DIR-AF,LORE[113385651],IODP-SRM:IODP-SRM-AF,5.101316049863996e-06,0.030431,1.0,273.0,999-U999A-1H-2-A-75.0_LP-DIR-AF-376,LT-AF-Z:LP-DIR-AF,g,375,pmagpy-4.2.25-1,999-U999A-1H-2-A-75.0,u,2019-03-28T23:37:09Z,0.01,0,0,0,1,273.0,5.25,1H-2,75.0,1H,2
This study,IN-LINE AF DEMAG:,0.0,24.0,-70.4,999-U999A-1H-2-A-80.0_LP-DIR-AF,LORE[113385651],IODP-SRM:IODP-SRM-AF,5.463826934750038e-06,0.03262,1.0,273.0,999-U999A-1H-2-A-80.0_LP-DIR-AF-378,LT-AF-Z:LP-DIR-AF,g,377,pmagpy-4.2.25-1,999-U999A-1H-2-A-80.0,u,2019-03-28T23:37:09Z,0.01,0,0,0,1,273.0,5.3,1H-2,80.0,1H,2
This study,IN-LINE AF DEMAG:,0.0,19.2,-74.8,999-U999A-1H-2-A-85.0_LP-DIR-AF,LORE[113385651],IODP-SRM:IODP-SRM-AF,6.64539879333814e-06,0.039114,1.0,273.0,999-U999A-1H-2-A-85.0_LP-DIR-AF-380,LT-AF-Z:LP-DIR-AF,g,379,pmagpy-4.2.25-1,999-U999A-1H-2-A-85.0,u,2019-03-28T23:37:09Z,0.01,0,0,0,1,273.0,5.35,1H-2,85.0,1H,2
This study,IN-LINE AF DEMAG:,0.0,28.5,-72.3,999-U999A-1H-2-A-90.0_LP-DIR-AF,LORE[113385651],IODP-SRM:IODP-SRM-AF,6.382122550225748e-06,0.037853,1.0,273.0,999-U999A-1H-2-A-90.0_LP-DIR-AF-382,LT-AF-Z:LP-DIR-AF,g,381,pmagpy-4.2.25-1,999-U999A-1H-2-A-90.0,u,2019-03-28T23:37:09Z,0.01,0,0,0,1,273.0,5.4,1H-2,90.0,1H,2
This study,IN-LINE AF DEMAG:,0.0,29.2,-73.8,999-U999A-1H-2-A-95.0_LP-DIR-AF,LORE[113385651],IODP-SRM:IODP-SRM-AF,5.253913673643677e-06,0.031009,1.0,273.0,999-U999A-1H-2-A-95.0_LP-DIR-AF-384,LT-AF-Z:LP-DIR-AF,g,383,pmagpy-4.2.25-1,999-U999A-1H-2-A-95.0,u,2019-03-28T23:37:09Z,0.01,0,0,0,1,273.0,5.45,1H-2,95.0,1H,2
This study,IN-LINE AF DEMAG:: average of multiple measurements,51.4,17.5,23.1,999-U999A-1H-3-A-100.0_LP-DIR-AF,LORE[112708561],IODP-SRM:IODP-SRM-AF,1.828e-10,6.7621e-07,8.0,273.0,999-U999A-1H-3-A-100.0_LP-DIR-AF-397,LT-AF-Z:DE-VM:LP-DIR-AF,g,396,pmagpy-4.2.25-1,999-U999A-1H-3-A-100.0,u,2019-01-25T04:03:23Z,0.01,0,0,0,2,273.0,7.0,1H-3,100.0,1H,3
This study,IN-LINE AF DEMAG:: average of multiple measurements,51.5,34.7,24.3,999-U999A-1H-3-A-102.5_LP-DIR-AF,LORE[112708561],IODP-SRM:IODP-SRM-AF,2.4230000000000003e-10,7.1823e-07,8.0,273.0,999-U999A-1H-3-A-102.5_LP-DIR-AF-402,LT-AF-Z:DE-VM:LP-DIR-AF,g,401,pmagpy-4.2.25-1,999-U999A-1H-3-A-102.5,u,2019-01-25T04:03:23Z,0.01,0,0,0,2,273.0,7.025,1H-3,102.5,1H,3
This study,IN-LINE AF DEMAG:: average of multiple measurements,66.6,84.7,49.4,999-U999A-1H-3-A-105.0_LP-DIR-AF,LORE[112708561],IODP-SRM:IODP-SRM-AF,1.495e-10,8.7631e-07,8.0,273.0,999-U999A-1H-3-A-105.0_LP-DIR-AF-407,LT-AF-Z:DE-VM:LP-DIR-AF,g,406,pmagpy-4.2.25-1,999-U999A-1H-3-A-105.0,u,2019-01-25T04:03:23Z,0.01,0,0,0,2,273.0,7.05,1H-3,105.0,1H,3
This study,IN-LINE AF DEMAG:: average of multiple measurements,65.6,215.3,47.9,999-U999A-1H-3-A-107.5_LP-DIR-AF,LORE[112708561],IODP-SRM:IODP-SRM-AF,1.066e-10,1.4146e-06,8.0,273.0,999-U999A-1H-3-A-107.5_LP-DIR-AF-412,LT-AF-Z:DE-VM:LP-DIR-AF,g,411,pmagpy-4.2.25-1,999-U999A-1H-3-A-107.5,u,2019-01-25T04:03:23Z,0.01,0,0,0,2,273.0,7.075,1H-3,107.5,1H,3
This study,IN-LINE AF DEMAG:: average of multiple measurements,43.0,318.5,45.3,999-U999A-1H-3-A-110.0_LP-DIR-AF,LORE[112708561],IODP-SRM:IODP-SRM-AF,2.07e-10,1.8402e-06,8.0,273.0,999-U999A-1H-3-A-110.0_LP-DIR-AF-417,LT-AF-Z:DE-VM:LP-DIR-AF,g,416,pmagpy-4.2.25-1,999-U999A-1H-3-A-110.0,u,2019-01-25T04:03:23Z,0.01,0,0,0,2,273.0,7.1,1H-3,110.0,1H,3
This study,IN-LINE AF DEMAG:: average of multiple measurements,43.1,349.4,37.5,999-U999A-1H-3-A-112.5_LP-DIR-AF,LORE[112708561],IODP-SRM:IODP-SRM-AF,2.1499999999999998e-10,1.7705e-06,8.0,273.0,999-U999A-1H-3-A-112.5_LP-DIR-AF-422,LT-AF-Z:DE-VM:LP-DIR-AF,g,421,pmagpy-4.2.25-1,999-U999A-1H-3-A-112.5,u,2019-01-25T04:03:23Z,0.01,0,0,0,2,273.0,7.125,1H-3,112.5,1H,3
This study,IN-LINE AF DEMAG:: average of multiple measurements,48.8,3.1,30.3,999-U999A-1H-3-A-115.0_LP-DIR-AF,LORE[112708561],IODP-SRM:IODP-SRM-AF,1.29e-10,1.3741e-06,8.0,273.0,999-U999A-1H-3-A-115.0_LP-DIR-AF-427,LT-AF-Z:DE-VM:LP-DIR-AF,g,426,pmagpy-4.2.25-1,999-U999A-1H-3-A-115.0,u,2019-01-25T04:03:23Z,0.01,0,0,0,2,273.0,7.15,1H-3,115.0,1H,3
This study,IN-LINE AF DEMAG:: average of multiple measurements,63.1,26.5,32.0,999-U999A-1H-3-A-117.5_LP-DIR-AF,LORE[112708561],IODP-SRM:IODP-SRM-AF,9.165999999999998e-11,6.2691e-07,8.0,273.0,999-U999A-1H-3-A-117.5_LP-DIR-AF-432,LT-AF-Z:DE-VM:LP-DIR-AF,g,431,pmagpy-4.2.25-1,999-U999A-1H-3-A-117.5,u,2019-01-25T04:03:23Z,0.01,0,0,0,2,273.0,7.175,1H-3,117.5,1H,3
This study,IN-LINE AF DEMAG:: average of multiple measurements,50.7,262.9,37.0,999-U999A-1H-3-A-12.5_LP-DIR-AF,LORE[112708621],IODP-SRM:IODP-SRM-AF,8.425e-08,1.4174000000000004e-06,18.0,273.0,999-U999A-1H-3-A-12.5_LP-DIR-AF-437,LT-AF-Z:DE-VM:LP-DIR-AF,g,436,pmagpy-4.2.25-1,999-U999A-1H-3-A-12.5,u,2019-01-25T04:28:35Z,0.01,0,0,0,2,273.0,6.125,1H-3,12.5,1H,3
This study,IN-LINE AF DEMAG:: average of multiple measurements,57.7,38.5,36.1,999-U999A-1H-3-A-120.0_LP-DIR-AF,LORE[112708561],IODP-SRM:IODP-SRM-AF,1.036e-10,7.1668e-07,8.0,273.0,999-U999A-1H-3-A-120.0_LP-DIR-AF-442,LT-AF-Z:DE-VM:LP-DIR-AF,g,441,pmagpy-4.2.25-1,999-U999A-1H-3-A-120.0,u,2019-01-25T04:03:23Z,0.01,0,0,0,2,273.0,7.2,1H-3,120.0,1H,3
This study,IN-LINE AF DEMAG:: average of multiple measurements,50.2,7.3,39.7,999-U999A-1H-3-A-122.5_LP-DIR-AF,LORE[112708561],IODP-SRM:IODP-SRM-AF,1.9050000000000001e-10,1.2442e-06,8.0,273.0,999-U999A-1H-3-A-122.5_LP-DIR-AF-447,LT-AF-Z:DE-VM:LP-DIR-AF,g,446,pmagpy-4.2.25-1,999-U999A-1H-3-A-122.5,u,2019-01-25T04:03:23Z,0.01,0,0,0,2,273.0,7.225,1H-3,122.5,1H,3
This study,IN-LINE AF DEMAG:: average of multiple measurements,36.8,21.3,45.2,999-U999A-1H-3-A-125.0_LP-DIR-AF,LORE[112708561],IODP-SRM:IODP-SRM-AF,2.74e-10,1.7003999999999996e-06,8.0,273.0,999-U999A-1H-3-A-125.0_LP-DIR-AF-452,LT-AF-Z:DE-VM:LP-DIR-AF,g,451,pmagpy-4.2.25-1,999-U999A-1H-3-A-125.0,u,2019-01-25T04:03:23Z,0.01,0,0,0,2,273.0,7.25,1H-3,125.0,1H,3
This study,IN-LINE AF DEMAG:: average of multiple measurements,37.3,47.8,35.7,999-U999A-1H-3-A-127.5_LP-DIR-AF,LORE[112708561],IODP-SRM:IODP-SRM-AF,2.753e-10,3.0076e-06,8.0,273.0,999-U999A-1H-3-A-127.5_LP-DIR-AF-457,LT-AF-Z:DE-VM:LP-DIR-AF,g,456,pmagpy-4.2.25-1,999-U999A-1H-3-A-127.5,u,2019-01-25T04:03:23Z,0.01,0,0,0,2,273.0,7.275,1H-3,127.5,1H,3
This study,IN-LINE AF DEMAG:: average of multiple measurements,45.0,66.9,37.8,999-U999A-1H-3-A-130.0_LP-DIR-AF,LORE[112708561],IODP-SRM:IODP-SRM-AF,2.019e-10,2.9259e-06,8.0,273.0,999-U999A-1H-3-A-130.0_LP-DIR-AF-462,LT-AF-Z:DE-VM:LP-DIR-AF,g,461,pmagpy-4.2.25-1,999-U999A-1H-3-A-130.0,u,2019-01-25T04:03:23Z,0.01,0,0,0,2,273.0,7.3,1H-3,130.0,1H,3
This study,IN-LINE AF DEMAG:: average of multiple measurements,58.6,107.1,17.6,999-U999A-1H-3-A-132.5_LP-DIR-AF,LORE[112708561],IODP-SRM:IODP-SRM-AF,1.5030000000000001e-10,7.4262e-07,8.0,273.0,999-U999A-1H-3-A-132.5_LP-DIR-AF-467,LT-AF-Z:DE-VM:LP-DIR-AF,g,466,pmagpy-4.2.25-1,999-U999A-1H-3-A-132.5,u,2019-01-25T04:03:23Z,0.01,0,0,0,2,273.0,7.325,1H-3,132.5,1H,3
This study,IN-LINE AF DEMAG:: average of multiple measurements,50.9,124.7,-10.6,999-U999A-1H-3-A-135.0_LP-DIR-AF,LORE[112708561],IODP-SRM:IODP-SRM-AF,1.1090000000000001e-10,8.712899999999999e-07,8.0,273.0,999-U999A-1H-3-A-135.0_LP-DIR-AF-472,LT-AF-Z:DE-VM:LP-DIR-AF,g,471,pmagpy-4.2.25-1,999-U999A-1H-3-A-135.0,u,2019-01-25T04:03:23Z,0.01,0,0,0,2,273.0,7.35,1H-3,135.0,1H,3
This study,IN-LINE AF DEMAG:: average of multiple measurements,53.2,44.5,-14.1,999-U999A-1H-3-A-137.5_LP-DIR-AF,LORE[112708561],IODP-SRM:IODP-SRM-AF,8.932e-11,5.5588e-07,8.0,273.0,999-U999A-1H-3-A-137.5_LP-DIR-AF-477,LT-AF-Z:DE-VM:LP-DIR-AF,g,476,pmagpy-4.2.25-1,999-U999A-1H-3-A-137.5,u,2019-01-25T04:03:23Z,0.01,0,0,0,2,273.0,7.375,1H-3,137.5,1H,3
This study,IN-LINE AF DEMAG:: average of multiple measurements,46.9,262.9,42.5,999-U999A-1H-3-A-15.0_LP-DIR-AF,LORE[112708621],IODP-SRM:IODP-SRM-AF,8.818999999999998e-08,1.3082e-06,18.0,273.0,999-U999A-1H-3-A-15.0_LP-DIR-AF-502,LT-AF-Z:DE-VM:LP-DIR-AF,g,501,pmagpy-4.2.25-1,999-U999A-1H-3-A-15.0,u,2019-01-25T04:28:35Z,0.01,0,0,0,2,273.0,6.15,1H-3,15.0,1H,3
This study,IN-LINE AF DEMAG:: average of multiple measurements,51.5,258.7,46.4,999-U999A-1H-3-A-17.5_LP-DIR-AF,LORE[112708621],IODP-SRM:IODP-SRM-AF,9.750999999999999e-08,1.4074e-06,18.0,273.0,999-U999A-1H-3-A-17.5_LP-DIR-AF-512,LT-AF-Z:DE-VM:LP-DIR-AF,g,511,pmagpy-4.2.25-1,999-U999A-1H-3-A-17.5,u,2019-01-25T04:28:35Z,0.01,0,0,0,2,273.0,6.175,1H-3,17.5,1H,3
This study,IN-LINE AF DEMAG:: average of multiple measurements,62.7,253.8,52.5,999-U999A-1H-3-A-20.0_LP-DIR-AF,LORE[112708621],IODP-SRM:IODP-SRM-AF,1.08e-07,2.3668e-06,18.0,273.0,999-U999A-1H-3-A-20.0_LP-DIR-AF-522,LT-AF-Z:DE-VM:LP-DIR-AF,g,521,pmagpy-4.2.25-1,999-U999A-1H-3-A-20.0,u,2019-01-25T04:28:35Z,0.01,0,0,0,2,273.0,6.2,1H-3,20.0,1H,3
This study,IN-LINE AF DEMAG:: average of multiple measurements,63.3,260.1,59.2,999-U999A-1H-3-A-22.5_LP-DIR-AF,LORE[112708621],IODP-SRM:IODP-SRM-AF,1.295e-07,3.4347000000000008e-06,18.0,273.0,999-U999A-1H-3-A-22.5_LP-DIR-AF-527,LT-AF-Z:DE-VM:LP-DIR-AF,g,526,pmagpy-4.2.25-1,999-U999A-1H-3-A-22.5,u,2019-01-25T04:28:35Z,0.01,0,0,0,2,273.0,6.225,1H-3,22.5,1H,3
This study,IN-LINE AF DEMAG:: average of multiple measurements,64.8,269.5,59.9,999-U999A-1H-3-A-25.0_LP-DIR-AF,LORE[112708591],IODP-SRM:IODP-SRM-AF,1.672e-07,2.6974e-06,18.0,273.0,999-U999A-1H-3-A-25.0_LP-DIR-AF-532,LT-AF-Z:DE-VM:LP-DIR-AF,g,531,pmagpy-4.2.25-1,999-U999A-1H-3-A-25.0,u,2019-01-25T04:18:18Z,0.01,0,0,0,2,273.0,6.25,1H-3,25.0,1H,3
This study,IN-LINE AF DEMAG:: average of multiple measurements,66.2,270.9,57.4,999-U999A-1H-3-A-27.5_LP-DIR-AF,LORE[112708591],IODP-SRM:IODP-SRM-AF,2.08e-07,3.3695e-06,18.0,273.0,999-U999A-1H-3-A-27.5_LP-DIR-AF-537,LT-AF-Z:DE-VM:LP-DIR-AF,g,536,pmagpy-4.2.25-1,999-U999A-1H-3-A-27.5,u,2019-01-25T04:18:18Z,0.01,0,0,0,2,273.0,6.275,1H-3,27.5,1H,3
This study,IN-LINE AF DEMAG:: average of multiple measurements,62.6,266.0,57.6,999-U999A-1H-3-A-30.0_LP-DIR-AF,LORE[112708591],IODP-SRM:IODP-SRM-AF,2.2829999999999997e-07,2.5692000000000003e-06,18.0,273.0,999-U999A-1H-3-A-30.0_LP-DIR-AF-542,LT-AF-Z:DE-VM:LP-DIR-AF,g,541,pmagpy-4.2.25-1,999-U999A-1H-3-A-30.0,u,2019-01-25T04:18:18Z,0.01,0,0,0,2,273.0,6.3,1H-3,30.0,1H,3
This study,IN-LINE AF DEMAG:: average of multiple measurements,52.4,262.4,58.1,999-U999A-1H-3-A-32.5_LP-DIR-AF,LORE[112708591],IODP-SRM:IODP-SRM-AF,3.2729999999999997e-07,1.6445e-06,19.0,273.0,999-U999A-1H-3-A-32.5_LP-DIR-AF-547,LT-AF-Z:DE-VM:LP-DIR-AF,g,546,pmagpy-4.2.25-1,999-U999A-1H-3-A-32.5,u,2019-01-25T04:18:18Z,0.01,0,0,0,2,273.0,6.325,1H-3,32.5,1H,3
This study,IN-LINE AF DEMAG:: average of multiple measurements,59.7,262.3,55.2,999-U999A-1H-3-A-35.0_LP-DIR-AF,LORE[112708591],IODP-SRM:IODP-SRM-AF,3.185e-07,2.4741e-06,19.0,273.0,999-U999A-1H-3-A-35.0_LP-DIR-AF-552,LT-AF-Z:DE-VM:LP-DIR-AF,g,551,pmagpy-4.2.25-1,999-U999A-1H-3-A-35.0,u,2019-01-25T04:18:18Z,0.01,0,0,0,2,273.0,6.35,1H-3,35.0,1H,3
This study,IN-LINE AF DEMAG:: average of multiple measurements,65.8,262.4,48.8,999-U999A-1H-3-A-37.5_LP-DIR-AF,LORE[112708591],IODP-SRM:IODP-SRM-AF,2.964e-07,2.3032e-06,19.0,273.0,999-U999A-1H-3-A-37.5_LP-DIR-AF-557,LT-AF-Z:DE-VM:LP-DIR-AF,g,556,pmagpy-4.2.25-1,999-U999A-1H-3-A-37.5,u,2019-01-25T04:18:18Z,0.01,0,0,0,2,273.0,6.375,1H-3,37.5,1H,3
This study,IN-LINE AF DEMAG:: average of multiple measurements,63.9,262.6,42.7,999-U999A-1H-3-A-40.0_LP-DIR-AF,LORE[112708591],IODP-SRM:IODP-SRM-AF,2.625e-07,6.269199999999998e-06,19.0,273.0,999-U999A-1H-3-A-40.0_LP-DIR-AF-562,LT-AF-Z:DE-VM:LP-DIR-AF,g,561,pmagpy-4.2.25-1,999-U999A-1H-3-A-40.0,u,2019-01-25T04:18:18Z,0.01,0,0,0,2,273.0,6.4,1H-3,40.0,1H,3
This study,IN-LINE AF DEMAG:: average of multiple measurements,59.6,265.5,39.5,999-U999A-1H-3-A-42.5_LP-DIR-AF,LORE[112708591],IODP-SRM:IODP-SRM-AF,2.262e-07,4.2475e-06,19.0,273.0,999-U999A-1H-3-A-42.5_LP-DIR-AF-567,LT-AF-Z:DE-VM:LP-DIR-AF,g,566,pmagpy-4.2.25-1,999-U999A-1H-3-A-42.5,u,2019-01-25T04:18:18Z,0.01,0,0,0,2,273.0,6.425,1H-3,42.5,1H,3
This study,IN-LINE AF DEMAG:: average of multiple measurements,49.1,270.8,38.7,999-U999A-1H-3-A-45.0_LP-DIR-AF,LORE[112708591],IODP-SRM:IODP-SRM-AF,2.118e-07,2.2608e-06,19.0,273.0,999-U999A-1H-3-A-45.0_LP-DIR-AF-572,LT-AF-Z:DE-VM:LP-DIR-AF,g,571,pmagpy-4.2.25-1,999-U999A-1H-3-A-45.0,u,2019-01-25T04:18:18Z,0.01,0,0,0,2,273.0,6.45,1H-3,45.0,1H,3
This study,IN-LINE AF DEMAG:: average of multiple measurements,52.7,268.5,37.8,999-U999A-1H-3-A-47.5_LP-DIR-AF,LORE[112708591],IODP-SRM:IODP-SRM-AF,1.466e-07,1.6059e-06,18.0,273.0,999-U999A-1H-3-A-47.5_LP-DIR-AF-577,LT-AF-Z:DE-VM:LP-DIR-AF,g,576,pmagpy-4.2.25-1,999-U999A-1H-3-A-47.5,u,2019-01-25T04:18:18Z,0.01,0,0,0,2,273.0,6.475,1H-3,47.5,1H,3
This study,IN-LINE AF DEMAG:: average of multiple measurements,70.4,258.7,34.1,999-U999A-1H-3-A-50.0_LP-DIR-AF,LORE[112708591],IODP-SRM:IODP-SRM-AF,1.3289999999999998e-07,3.1513e-06,18.0,273.0,999-U999A-1H-3-A-50.0_LP-DIR-AF-587,LT-AF-Z:DE-VM:LP-DIR-AF,g,586,pmagpy-4.2.25-1,999-U999A-1H-3-A-50.0,u,2019-01-25T04:18:18Z,0.01,0,0,0,2,273.0,6.5,1H-3,50.0,1H,3
This study,IN-LINE AF DEMAG:: average of multiple measurements,54.1,18.1,64.0,999-U999A-1H-3-A-52.5_LP-DIR-AF,LORE[112708591],IODP-SRM:IODP-SRM-AF,1.594e-10,3.7642e-06,8.0,273.0,999-U999A-1H-3-A-52.5_LP-DIR-AF-592,LT-AF-Z:DE-VM:LP-DIR-AF,g,591,pmagpy-4.2.25-1,999-U999A-1H-3-A-52.5,u,2019-01-25T04:18:18Z,0.01,0,0,0,2,273.0,6.525,1H-3,52.5,1H,3
This study,IN-LINE AF DEMAG:: average of multiple measurements,56.1,302.5,68.4,999-U999A-1H-3-A-55.0_LP-DIR-AF,LORE[112708561],IODP-SRM:IODP-SRM-AF,1.0630000000000001e-10,7.469e-07,8.0,273.0,999-U999A-1H-3-A-55.0_LP-DIR-AF-597,LT-AF-Z:DE-VM:LP-DIR-AF,g,596,pmagpy-4.2.25-1,999-U999A-1H-3-A-55.0,u,2019-01-25T04:03:23Z,0.01,0,0,0,2,273.0,6.55,1H-3,55.0,1H,3
This study,IN-LINE AF DEMAG:: average of multiple measurements,57.1,310.4,47.1,999-U999A-1H-3-A-57.5_LP-DIR-AF,LORE[112708561],IODP-SRM:IODP-SRM-AF,6.211e-11,1.6767e-06,8.0,273.0,999-U999A-1H-3-A-57.5_LP-DIR-AF-602,LT-AF-Z:DE-VM:LP-DIR-AF,g,601,pmagpy-4.2.25-1,999-U999A-1H-3-A-57.5,u,2019-01-25T04:03:23Z,0.01,0,0,0,2,273.0,6.575,1H-3,57.5,1H,3
This study,IN-LINE AF DEMAG:: average of multiple measurements,53.7,0.6,30.1,999-U999A-1H-3-A-60.0_LP-DIR-AF,LORE[112708591],IODP-SRM:IODP-SRM-AF,8.631e-11,2.6779e-06,8.0,273.0,999-U999A-1H-3-A-60.0_LP-DIR-AF-607,LT-AF-Z:DE-VM:LP-DIR-AF,g,606,pmagpy-4.2.25-1,999-U999A-1H-3-A-60.0,u,2019-01-25T04:18:18Z,0.01,0,0,0,2,273.0,6.6,1H-3,60.0,1H,3
This study,IN-LINE AF DEMAG:: average of multiple measurements,58.9,13.7,49.0,999-U999A-1H-3-A-62.5_LP-DIR-AF,LORE[112708591],IODP-SRM:IODP-SRM-AF,1.0070000000000001e-10,2.9902e-06,8.0,273.0,999-U999A-1H-3-A-62.5_LP-DIR-AF-612,LT-AF-Z:DE-VM:LP-DIR-AF,g,611,pmagpy-4.2.25-1,999-U999A-1H-3-A-62.5,u,2019-01-25T04:18:18Z,0.01,0,0,0,2,273.0,6.625,1H-3,62.5,1H,3
This study,IN-LINE AF DEMAG:: average of multiple measurements,55.9,269.7,68.3,999-U999A-1H-3-A-65.0_LP-DIR-AF,LORE[112708591],IODP-SRM:IODP-SRM-AF,9.168000000000001e-11,1.9673e-06,8.0,273.0,999-U999A-1H-3-A-65.0_LP-DIR-AF-617,LT-AF-Z:DE-VM:LP-DIR-AF,g,616,pmagpy-4.2.25-1,999-U999A-1H-3-A-65.0,u,2019-01-25T04:18:18Z,0.01,0,0,0,2,273.0,6.65,1H-3,65.0,1H,3
This study,IN-LINE AF DEMAG:: average of multiple measurements,54.3,258.5,60.9,999-U999A-1H-3-A-67.5_LP-DIR-AF,LORE[112708591],IODP-SRM:IODP-SRM-AF,1.414e-10,8.757700000000002e-07,8.0,273.0,999-U999A-1H-3-A-67.5_LP-DIR-AF-622,LT-AF-Z:DE-VM:LP-DIR-AF,g,621,pmagpy-4.2.25-1,999-U999A-1H-3-A-67.5,u,2019-01-25T04:18:18Z,0.01,0,0,0,2,273.0,6.675,1H-3,67.5,1H,3
This study,IN-LINE AF DEMAG:: average of multiple measurements,62.7,258.5,24.3,999-U999A-1H-3-A-70.0_LP-DIR-AF,LORE[112708591],IODP-SRM:IODP-SRM-AF,1.25e-10,5.1412e-07,8.0,273.0,999-U999A-1H-3-A-70.0_LP-DIR-AF-632,LT-AF-Z:DE-VM:LP-DIR-AF,g,631,pmagpy-4.2.25-1,999-U999A-1H-3-A-70.0,u,2019-01-25T04:18:18Z,0.01,0,0,0,2,273.0,6.7,1H-3,70.0,1H,3
This study,IN-LINE AF DEMAG:: average of multiple measurements,51.6,357.1,19.6,999-U999A-1H-3-A-72.5_LP-DIR-AF,LORE[112708561],IODP-SRM:IODP-SRM-AF,1.196e-10,7.818800000000002e-07,8.0,273.0,999-U999A-1H-3-A-72.5_LP-DIR-AF-637,LT-AF-Z:DE-VM:LP-DIR-AF,g,636,pmagpy-4.2.25-1,999-U999A-1H-3-A-72.5,u,2019-01-25T04:03:23Z,0.01,0,0,0,2,273.0,6.725,1H-3,72.5,1H,3
This study,IN-LINE AF DEMAG:: average of multiple measurements,35.3,1.4,11.8,999-U999A-1H-3-A-75.0_LP-DIR-AF,LORE[112708561],IODP-SRM:IODP-SRM-AF,1.1470000000000001e-10,2.4959e-06,8.0,273.0,999-U999A-1H-3-A-75.0_LP-DIR-AF-642,LT-AF-Z:DE-VM:LP-DIR-AF,g,641,pmagpy-4.2.25-1,999-U999A-1H-3-A-75.0,u,2019-01-25T04:03:23Z,0.01,0,0,0,2,273.0,6.75,1H-3,75.0,1H,3
This study,IN-LINE AF DEMAG:: average of multiple measurements,60.5,35.0,39.7,999-U999A-1H-3-A-77.5_LP-DIR-AF,LORE[112708561],IODP-SRM:IODP-SRM-AF,1.254e-10,1.8575e-06,8.0,273.0,999-U999A-1H-3-A-77.5_LP-DIR-AF-647,LT-AF-Z:DE-VM:LP-DIR-AF,g,646,pmagpy-4.2.25-1,999-U999A-1H-3-A-77.5,u,2019-01-25T04:03:23Z,0.01,0,0,0,2,273.0,6.775,1H-3,77.5,1H,3
This study,IN-LINE AF DEMAG:: average of multiple measurements,74.0,125.7,51.3,999-U999A-1H-3-A-80.0_LP-DIR-AF,LORE[112708561],IODP-SRM:IODP-SRM-AF,8.356000000000001e-11,7.4377e-07,8.0,273.0,999-U999A-1H-3-A-80.0_LP-DIR-AF-652,LT-AF-Z:DE-VM:LP-DIR-AF,g,651,pmagpy-4.2.25-1,999-U999A-1H-3-A-80.0,u,2019-01-25T04:03:23Z,0.01,0,0,0,2,273.0,6.8,1H-3,80.0,1H,3
This study,IN-LINE AF DEMAG:: average of multiple measurements,43.9,7.5,32.7,999-U999A-1H-3-A-82.5_LP-DIR-AF,LORE[112708561],IODP-SRM:IODP-SRM-AF,1.167e-10,1.0126e-06,8.0,273.0,999-U999A-1H-3-A-82.5_LP-DIR-AF-657,LT-AF-Z:DE-VM:LP-DIR-AF,g,656,pmagpy-4.2.25-1,999-U999A-1H-3-A-82.5,u,2019-01-25T04:03:23Z,0.01,0,0,0,2,273.0,6.825,1H-3,82.5,1H,3
This study,IN-LINE AF DEMAG:: average of multiple measurements,32.9,13.4,28.6,999-U999A-1H-3-A-85.0_LP-DIR-AF,LORE[112708561],IODP-SRM:IODP-SRM-AF,1.317e-10,1.4790000000000004e-06,8.0,273.0,999-U999A-1H-3-A-85.0_LP-DIR-AF-662,LT-AF-Z:DE-VM:LP-DIR-AF,g,661,pmagpy-4.2.25-1,999-U999A-1H-3-A-85.0,u,2019-01-25T04:03:23Z,0.01,0,0,0,2,273.0,6.85,1H-3,85.0,1H,3
This study,IN-LINE AF DEMAG:: average of multiple measurements,53.2,35.3,35.5,999-U999A-1H-3-A-87.5_LP-DIR-AF,LORE[112708561],IODP-SRM:IODP-SRM-AF,1.222e-10,1.5708e-06,8.0,273.0,999-U999A-1H-3-A-87.5_LP-DIR-AF-667,LT-AF-Z:DE-VM:LP-DIR-AF,g,666,pmagpy-4.2.25-1,999-U999A-1H-3-A-87.5,u,2019-01-25T04:03:23Z,0.01,0,0,0,2,273.0,6.875,1H-3,87.5,1H,3
This study,IN-LINE AF DEMAG:: average of multiple measurements,52.3,138.6,21.7,999-U999A-1H-3-A-90.0_LP-DIR-AF,LORE[112708561],IODP-SRM:IODP-SRM-AF,1.739e-10,1.8598e-06,8.0,273.0,999-U999A-1H-3-A-90.0_LP-DIR-AF-672,LT-AF-Z:DE-VM:LP-DIR-AF,g,671,pmagpy-4.2.25-1,999-U999A-1H-3-A-90.0,u,2019-01-25T04:03:23Z,0.01,0,0,0,2,273.0,6.9,1H-3,90.0,1H,3
This study,IN-LINE AF DEMAG:: average of multiple measurements,71.6,134.9,21.9,999-U999A-1H-3-A-92.5_LP-DIR-AF,LORE[112708561],IODP-SRM:IODP-SRM-AF,9.575e-11,1.1579e-06,8.0,273.0,999-U999A-1H-3-A-92.5_LP-DIR-AF-677,LT-AF-Z:DE-VM:LP-DIR-AF,g,676,pmagpy-4.2.25-1,999-U999A-1H-3-A-92.5,u,2019-01-25T04:03:23Z,0.01,0,0,0,2,273.0,6.925,1H-3,92.5,1H,3
This study,IN-LINE AF DEMAG:: average of multiple measurements,53.2,19.4,20.8,999-U999A-1H-3-A-95.0_LP-DIR-AF,LORE[112708561],IODP-SRM:IODP-SRM-AF,1.691e-10,2.0168e-06,8.0,273.0,999-U999A-1H-3-A-95.0_LP-DIR-AF-682,LT-AF-Z:DE-VM:LP-DIR-AF,g,681,pmagpy-4.2.25-1,999-U999A-1H-3-A-95.0,u,2019-01-25T04:03:23Z,0.01,0,0,0,2,273.0,6.95,1H-3,95.0,1H,3
This study,IN-LINE AF DEMAG:: average of multiple measurements,51.7,19.7,17.4,999-U999A-1H-3-A-97.5_LP-DIR-AF,LORE[112708561],IODP-SRM:IODP-SRM-AF,1.5699999999999997e-10,1.1297e-06,8.0,273.0,999-U999A-1H-3-A-97.5_LP-DIR-AF-687,LT-AF-Z:DE-VM:LP-DIR-AF,g,686,pmagpy-4.2.25-1,999-U999A-1H-3-A-97.5,u,2019-01-25T04:03:23Z,0.01,0,0,0,2,273.0,6.975,1H-3,97.5,1H,3
This study,IN-LINE AF DEMAG:,0.0,35.2,65.4,999-U999A-1H-4-A-100.0_LP-DIR-AF,LORE[112703961],IODP-SRM:IODP-SRM-AF,1.9577298130487774e-09,2.0061e-05,1.0,273.0,999-U999A-1H-4-A-100.0_LP-DIR-AF-695,LT-AF-Z:LP-DIR-AF,g,694,pmagpy-4.2.25-1,999-U999A-1H-4-A-100.0,u,2019-01-18T19:57:40Z,0.01,0,0,0,1,273.0,7.5,1H-4,100.0,1H,4
This study,IN-LINE AF DEMAG:,0.0,238.8,73.3,999-U999A-1H-4-A-102.5_LP-DIR-AF,LORE[112703961],IODP-SRM:IODP-SRM-AF,1.4937023399928112e-09,2.519e-05,1.0,273.0,999-U999A-1H-4-A-102.5_LP-DIR-AF-697,LT-AF-Z:LP-DIR-AF,g,696,pmagpy-4.2.25-1,999-U999A-1H-4-A-102.5,u,2019-01-18T19:57:40Z,0.01,0,0,0,1,273.0,7.525,1H-4,102.5,1H,4
This study,IN-LINE AF DEMAG:,0.0,236.3,48.5,999-U999A-1H-4-A-105.0_LP-DIR-AF,LORE[112703961],IODP-SRM:IODP-SRM-AF,1.7236493795505517e-09,3.2634e-05,1.0,273.0,999-U999A-1H-4-A-105.0_LP-DIR-AF-699,LT-AF-Z:LP-DIR-AF,g,698,pmagpy-4.2.25-1,999-U999A-1H-4-A-105.0,u,2019-01-18T19:57:40Z,0.01,0,0,0,1,273.0,7.55,1H-4,105.0,1H,4
This study,IN-LINE AF DEMAG:,0.0,241.9,26.3,999-U999A-1H-4-A-107.5_LP-DIR-AF,LORE[112703961],IODP-SRM:IODP-SRM-AF,3.5506507185162554e-09,4.3973e-05,1.0,273.0,999-U999A-1H-4-A-107.5_LP-DIR-AF-701,LT-AF-Z:LP-DIR-AF,g,700,pmagpy-4.2.25-1,999-U999A-1H-4-A-107.5,u,2019-01-18T19:57:40Z,0.01,0,0,0,1,273.0,7.575,1H-4,107.5,1H,4
This study,IN-LINE AF DEMAG:,0.0,303.2,25.1,999-U999A-1H-4-A-110.0_LP-DIR-AF,LORE[112703961],IODP-SRM:IODP-SRM-AF,4.312251110499016e-09,4.6586e-05,1.0,273.0,999-U999A-1H-4-A-110.0_LP-DIR-AF-703,LT-AF-Z:LP-DIR-AF,g,702,pmagpy-4.2.25-1,999-U999A-1H-4-A-110.0,u,2019-01-18T19:57:40Z,0.01,0,0,0,1,273.0,7.6,1H-4,110.0,1H,4
This study,IN-LINE AF DEMAG:,0.0,293.8,60.2,999-U999A-1H-4-A-112.5_LP-DIR-AF,LORE[112703961],IODP-SRM:IODP-SRM-AF,3.985323753486033e-09,4.6659e-05,1.0,273.0,999-U999A-1H-4-A-112.5_LP-DIR-AF-705,LT-AF-Z:LP-DIR-AF,g,704,pmagpy-4.2.25-1,999-U999A-1H-4-A-112.5,u,2019-01-18T19:57:40Z,0.01,0,0,0,1,273.0,7.625,1H-4,112.5,1H,4
This study,IN-LINE AF DEMAG:,0.0,216.5,70.5,999-U999A-1H-4-A-12.5_LP-DIR-AF,LORE[112703961],IODP-SRM:IODP-SRM-AF,3.599681938727365e-10,1.5157e-05,1.0,273.0,999-U999A-1H-4-A-12.5_LP-DIR-AF-711,LT-AF-Z:LP-DIR-AF,g,710,pmagpy-4.2.25-1,999-U999A-1H-4-A-12.5,u,2019-01-18T19:57:40Z,0.01,0,0,0,1,273.0,6.625,1H-4,12.5,1H,4
This study,IN-LINE AF DEMAG:,0.0,236.4,63.7,999-U999A-1H-4-A-15.0_LP-DIR-AF,LORE[112703961],IODP-SRM:IODP-SRM-AF,5.527171323208644e-10,1.0709e-05,1.0,273.0,999-U999A-1H-4-A-15.0_LP-DIR-AF-719,LT-AF-Z:LP-DIR-AF,g,718,pmagpy-4.2.25-1,999-U999A-1H-4-A-15.0,u,2019-01-18T19:57:40Z,0.01,0,0,0,1,273.0,6.65,1H-4,15.0,1H,4
This study,IN-LINE AF DEMAG:,0.0,235.6,46.0,999-U999A-1H-4-A-17.5_LP-DIR-AF,LORE[112703961],IODP-SRM:IODP-SRM-AF,6.446202613942568e-10,8.9496e-06,1.0,273.0,999-U999A-1H-4-A-17.5_LP-DIR-AF-721,LT-AF-Z:LP-DIR-AF,g,720,pmagpy-4.2.25-1,999-U999A-1H-4-A-17.5,u,2019-01-18T19:57:40Z,0.01,0,0,0,1,273.0,6.675,1H-4,17.5,1H,4
This study,IN-LINE AF DEMAG:,0.0,207.9,15.7,999-U999A-1H-4-A-20.0_LP-DIR-AF,LORE[112703961],IODP-SRM:IODP-SRM-AF,7.139564548346068e-10,7.0046000000000015e-06,1.0,273.0,999-U999A-1H-4-A-20.0_LP-DIR-AF-725,LT-AF-Z:LP-DIR-AF,g,724,pmagpy-4.2.25-1,999-U999A-1H-4-A-20.0,u,2019-01-18T19:57:40Z,0.01,0,0,0,1,273.0,6.7,1H-4,20.0,1H,4
This study,IN-LINE AF DEMAG:,0.0,182.7,-27.9,999-U999A-1H-4-A-22.5_LP-DIR-AF,LORE[112703961],IODP-SRM:IODP-SRM-AF,1.0542205680975877e-09,1.1707e-05,1.0,273.0,999-U999A-1H-4-A-22.5_LP-DIR-AF-727,LT-AF-Z:LP-DIR-AF,g,726,pmagpy-4.2.25-1,999-U999A-1H-4-A-22.5,u,2019-01-18T19:57:40Z,0.01,0,0,0,1,273.0,6.725,1H-4,22.5,1H,4
This study,IN-LINE AF DEMAG:,0.0,211.4,-66.3,999-U999A-1H-4-A-25.0_LP-DIR-AF,LORE[112703961],IODP-SRM:IODP-SRM-AF,1.4917643210641555e-09,1.1438e-05,1.0,273.0,999-U999A-1H-4-A-25.0_LP-DIR-AF-729,LT-AF-Z:LP-DIR-AF,g,728,pmagpy-4.2.25-1,999-U999A-1H-4-A-25.0,u,2019-01-18T19:57:40Z,0.01,0,0,0,1,273.0,6.75,1H-4,25.0,1H,4
This study,IN-LINE AF DEMAG:,0.0,274.2,-63.1,999-U999A-1H-4-A-27.5_LP-DIR-AF,LORE[112703961],IODP-SRM:IODP-SRM-AF,1.9936295560610048e-09,1.2638e-05,1.0,273.0,999-U999A-1H-4-A-27.5_LP-DIR-AF-731,LT-AF-Z:LP-DIR-AF,g,730,pmagpy-4.2.25-1,999-U999A-1H-4-A-27.5,u,2019-01-18T19:57:40Z,0.01,0,0,0,1,273.0,6.775,1H-4,27.5,1H,4
This study,IN-LINE AF DEMAG:,0.0,304.1,-49.2,999-U999A-1H-4-A-30.0_LP-DIR-AF,LORE[112703961],IODP-SRM:IODP-SRM-AF,1.8719139042434614e-09,1.0033e-05,1.0,273.0,999-U999A-1H-4-A-30.0_LP-DIR-AF-733,LT-AF-Z:LP-DIR-AF,g,732,pmagpy-4.2.25-1,999-U999A-1H-4-A-30.0,u,2019-01-18T19:57:40Z,0.01,0,0,0,1,273.0,6.8,1H-4,30.0,1H,4
This study,IN-LINE AF DEMAG:,0.0,267.1,-49.0,999-U999A-1H-4-A-32.5_LP-DIR-AF,LORE[112703961],IODP-SRM:IODP-SRM-AF,1.0547549876388357e-09,4.832e-06,1.0,273.0,999-U999A-1H-4-A-32.5_LP-DIR-AF-735,LT-AF-Z:LP-DIR-AF,g,734,pmagpy-4.2.25-1,999-U999A-1H-4-A-32.5,u,2019-01-18T19:57:40Z,0.01,0,0,0,1,273.0,6.825,1H-4,32.5,1H,4
This study,IN-LINE AF DEMAG:,0.0,238.2,-34.1,999-U999A-1H-4-A-35.0_LP-DIR-AF,LORE[112703961],IODP-SRM:IODP-SRM-AF,7.313716958728988e-10,4.5013e-06,1.0,273.0,999-U999A-1H-4-A-35.0_LP-DIR-AF-737,LT-AF-Z:LP-DIR-AF,g,736,pmagpy-4.2.25-1,999-U999A-1H-4-A-35.0,u,2019-01-18T19:57:40Z,0.01,0,0,0,1,273.0,6.85,1H-4,35.0,1H,4
This study,IN-LINE AF DEMAG:,0.0,343.0,-9.8,999-U999A-1H-4-A-37.5_LP-DIR-AF,LORE[112703961],IODP-SRM:IODP-SRM-AF,1.1555505052138567e-09,8.8878e-06,1.0,273.0,999-U999A-1H-4-A-37.5_LP-DIR-AF-739,LT-AF-Z:LP-DIR-AF,g,738,pmagpy-4.2.25-1,999-U999A-1H-4-A-37.5,u,2019-01-18T19:57:40Z,0.01,0,0,0,1,273.0,6.875,1H-4,37.5,1H,4
This study,IN-LINE AF DEMAG:,0.0,11.3,22.8,999-U999A-1H-4-A-40.0_LP-DIR-AF,LORE[112703961],IODP-SRM:IODP-SRM-AF,1.683319599660148e-09,1.248e-05,1.0,273.0,999-U999A-1H-4-A-40.0_LP-DIR-AF-741,LT-AF-Z:LP-DIR-AF,g,740,pmagpy-4.2.25-1,999-U999A-1H-4-A-40.0,u,2019-01-18T19:57:40Z,0.01,0,0,0,1,273.0,6.9,1H-4,40.0,1H,4
This study,IN-LINE AF DEMAG:,0.0,100.9,36.9,999-U999A-1H-4-A-42.5_LP-DIR-AF,LORE[112703961],IODP-SRM:IODP-SRM-AF,2.1992092326334027e-09,1.434e-05,1.0,273.0,999-U999A-1H-4-A-42.5_LP-DIR-AF-743,LT-AF-Z:LP-DIR-AF,g,742,pmagpy-4.2.25-1,999-U999A-1H-4-A-42.5,u,2019-01-18T19:57:40Z,0.01,0,0,0,1,273.0,6.925,1H-4,42.5,1H,4
This study,IN-LINE AF DEMAG:,0.0,144.0,1.1,999-U999A-1H-4-A-45.0_LP-DIR-AF,LORE[112703961],IODP-SRM:IODP-SRM-AF,2.0649872924829344e-09,2.3772e-05,1.0,273.0,999-U999A-1H-4-A-45.0_LP-DIR-AF-745,LT-AF-Z:LP-DIR-AF,g,744,pmagpy-4.2.25-1,999-U999A-1H-4-A-45.0,u,2019-01-18T19:57:40Z,0.01,0,0,0,1,273.0,6.95,1H-4,45.0,1H,4
This study,IN-LINE AF DEMAG:,0.0,149.7,-31.0,999-U999A-1H-4-A-47.5_LP-DIR-AF,LORE[112703961],IODP-SRM:IODP-SRM-AF,2.1638641602697712e-09,2.1727e-05,1.0,273.0,999-U999A-1H-4-A-47.5_LP-DIR-AF-747,LT-AF-Z:LP-DIR-AF,g,746,pmagpy-4.2.25-1,999-U999A-1H-4-A-47.5,u,2019-01-18T19:57:40Z,0.01,0,0,0,1,273.0,6.975,1H-4,47.5,1H,4
This study,IN-LINE AF DEMAG:,0.0,161.4,-76.4,999-U999A-1H-4-A-50.0_LP-DIR-AF,LORE[112703961],IODP-SRM:IODP-SRM-AF,1.589593431415719e-09,1.7563e-05,1.0,273.0,999-U999A-1H-4-A-50.0_LP-DIR-AF-751,LT-AF-Z:LP-DIR-AF,g,750,pmagpy-4.2.25-1,999-U999A-1H-4-A-50.0,u,2019-01-18T19:57:40Z,0.01,0,0,0,1,273.0,7.0,1H-4,50.0,1H,4
This study,IN-LINE AF DEMAG:,0.0,336.0,-65.5,999-U999A-1H-4-A-52.5_LP-DIR-AF,LORE[112703961],IODP-SRM:IODP-SRM-AF,8.291178244375161e-10,1.6937e-05,1.0,273.0,999-U999A-1H-4-A-52.5_LP-DIR-AF-753,LT-AF-Z:LP-DIR-AF,g,752,pmagpy-4.2.25-1,999-U999A-1H-4-A-52.5,u,2019-01-18T19:57:40Z,0.01,0,0,0,1,273.0,7.025,1H-4,52.5,1H,4
This study,IN-LINE AF DEMAG:,0.0,339.6,-43.5,999-U999A-1H-4-A-55.0_LP-DIR-AF,LORE[112703961],IODP-SRM:IODP-SRM-AF,7.14254098623172e-10,1.268e-05,1.0,273.0,999-U999A-1H-4-A-55.0_LP-DIR-AF-755,LT-AF-Z:LP-DIR-AF,g,754,pmagpy-4.2.25-1,999-U999A-1H-4-A-55.0,u,2019-01-18T19:57:40Z,0.01,0,0,0,1,273.0,7.05,1H-4,55.0,1H,4
This study,IN-LINE AF DEMAG:,0.0,342.7,-22.8,999-U999A-1H-4-A-57.5_LP-DIR-AF,LORE[112703961],IODP-SRM:IODP-SRM-AF,2.8730737610440844e-10,6.563400000000001e-06,1.0,273.0,999-U999A-1H-4-A-57.5_LP-DIR-AF-757,LT-AF-Z:LP-DIR-AF,g,756,pmagpy-4.2.25-1,999-U999A-1H-4-A-57.5,u,2019-01-18T19:57:40Z,0.01,0,0,0,1,273.0,7.075,1H-4,57.5,1H,4
This study,IN-LINE AF DEMAG:,0.0,348.3,20.8,999-U999A-1H-4-A-60.0_LP-DIR-AF,LORE[112703961],IODP-SRM:IODP-SRM-AF,3.5158683749110967e-10,3.7809e-06,1.0,273.0,999-U999A-1H-4-A-60.0_LP-DIR-AF-759,LT-AF-Z:LP-DIR-AF,g,758,pmagpy-4.2.25-1,999-U999A-1H-4-A-60.0,u,2019-01-18T19:57:40Z,0.01,0,0,0,1,273.0,7.1,1H-4,60.0,1H,4
This study,IN-LINE AF DEMAG:,0.0,2.0,46.8,999-U999A-1H-4-A-62.5_LP-DIR-AF,LORE[112703961],IODP-SRM:IODP-SRM-AF,3.678988223683245e-10,7.2801e-06,1.0,273.0,999-U999A-1H-4-A-62.5_LP-DIR-AF-761,LT-AF-Z:LP-DIR-AF,g,760,pmagpy-4.2.25-1,999-U999A-1H-4-A-62.5,u,2019-01-18T19:57:40Z,0.01,0,0,0,1,273.0,7.125,1H-4,62.5,1H,4
This study,IN-LINE AF DEMAG:,0.0,358.3,42.6,999-U999A-1H-4-A-65.0_LP-DIR-AF,LORE[112703961],IODP-SRM:IODP-SRM-AF,8.931269946653724e-10,1.7407e-05,1.0,273.0,999-U999A-1H-4-A-65.0_LP-DIR-AF-763,LT-AF-Z:LP-DIR-AF,g,762,pmagpy-4.2.25-1,999-U999A-1H-4-A-65.0,u,2019-01-18T19:57:40Z,0.01,0,0,0,1,273.0,7.15,1H-4,65.0,1H,4
This study,IN-LINE AF DEMAG:,0.0,358.6,46.5,999-U999A-1H-4-A-67.5_LP-DIR-AF,LORE[112703961],IODP-SRM:IODP-SRM-AF,1.3836131900571055e-09,3.1898e-05,1.0,273.0,999-U999A-1H-4-A-67.5_LP-DIR-AF-765,LT-AF-Z:LP-DIR-AF,g,764,pmagpy-4.2.25-1,999-U999A-1H-4-A-67.5,u,2019-01-18T19:57:40Z,0.01,0,0,0,1,273.0,7.175,1H-4,67.5,1H,4
This study,IN-LINE AF DEMAG:,0.0,26.6,76.7,999-U999A-1H-4-A-70.0_LP-DIR-AF,LORE[112703961],IODP-SRM:IODP-SRM-AF,1.2211416813375914e-09,3.6609e-05,1.0,273.0,999-U999A-1H-4-A-70.0_LP-DIR-AF-769,LT-AF-Z:LP-DIR-AF,g,768,pmagpy-4.2.25-1,999-U999A-1H-4-A-70.0,u,2019-01-18T19:57:40Z,0.01,0,0,0,1,273.0,7.2,1H-4,70.0,1H,4
This study,IN-LINE AF DEMAG:,0.0,151.3,69.8,999-U999A-1H-4-A-72.5_LP-DIR-AF,LORE[112703961],IODP-SRM:IODP-SRM-AF,1.1289666467172536e-09,3.5328000000000005e-05,1.0,273.0,999-U999A-1H-4-A-72.5_LP-DIR-AF-771,LT-AF-Z:LP-DIR-AF,g,770,pmagpy-4.2.25-1,999-U999A-1H-4-A-72.5,u,2019-01-18T19:57:40Z,0.01,0,0,0,1,273.0,7.225,1H-4,72.5,1H,4
This study,IN-LINE AF DEMAG:,0.0,180.2,49.5,999-U999A-1H-4-A-75.0_LP-DIR-AF,LORE[112703961],IODP-SRM:IODP-SRM-AF,8.351211050500399e-10,2.8053e-05,1.0,273.0,999-U999A-1H-4-A-75.0_LP-DIR-AF-773,LT-AF-Z:LP-DIR-AF,g,772,pmagpy-4.2.25-1,999-U999A-1H-4-A-75.0,u,2019-01-18T19:57:40Z,0.01,0,0,0,1,273.0,7.25,1H-4,75.0,1H,4
This study,IN-LINE AF DEMAG:,0.0,222.1,48.2,999-U999A-1H-4-A-77.5_LP-DIR-AF,LORE[112703961],IODP-SRM:IODP-SRM-AF,6.042017601761847e-10,1.8049e-05,1.0,273.0,999-U999A-1H-4-A-77.5_LP-DIR-AF-775,LT-AF-Z:LP-DIR-AF,g,774,pmagpy-4.2.25-1,999-U999A-1H-4-A-77.5,u,2019-01-18T19:57:40Z,0.01,0,0,0,1,273.0,7.275,1H-4,77.5,1H,4
This study,IN-LINE AF DEMAG:,0.0,215.8,43.6,999-U999A-1H-4-A-80.0_LP-DIR-AF,LORE[112703961],IODP-SRM:IODP-SRM-AF,1.3096238325351293e-09,1.2691e-05,1.0,273.0,999-U999A-1H-4-A-80.0_LP-DIR-AF-777,LT-AF-Z:LP-DIR-AF,g,776,pmagpy-4.2.25-1,999-U999A-1H-4-A-80.0,u,2019-01-18T19:57:40Z,0.01,0,0,0,1,273.0,7.3,1H-4,80.0,1H,4
This study,IN-LINE AF DEMAG:,0.0,168.0,33.5,999-U999A-1H-4-A-82.5_LP-DIR-AF,LORE[112703961],IODP-SRM:IODP-SRM-AF,1.1208751339912937e-09,8.512100000000001e-06,1.0,273.0,999-U999A-1H-4-A-82.5_LP-DIR-AF-779,LT-AF-Z:LP-DIR-AF,g,778,pmagpy-4.2.25-1,999-U999A-1H-4-A-82.5,u,2019-01-18T19:57:40Z,0.01,0,0,0,1,273.0,7.325,1H-4,82.5,1H,4
This study,IN-LINE AF DEMAG:,0.0,138.6,13.5,999-U999A-1H-4-A-85.0_LP-DIR-AF,LORE[112703961],IODP-SRM:IODP-SRM-AF,4.391634293745325e-10,7.3075e-06,1.0,273.0,999-U999A-1H-4-A-85.0_LP-DIR-AF-781,LT-AF-Z:LP-DIR-AF,g,780,pmagpy-4.2.25-1,999-U999A-1H-4-A-85.0,u,2019-01-18T19:57:40Z,0.01,0,0,0,1,273.0,7.35,1H-4,85.0,1H,4
This study,IN-LINE AF DEMAG:,0.0,175.7,-10.2,999-U999A-1H-4-A-87.5_LP-DIR-AF,LORE[112703961],IODP-SRM:IODP-SRM-AF,5.983047236392172e-10,8.390599999999999e-06,1.0,273.0,999-U999A-1H-4-A-87.5_LP-DIR-AF-783,LT-AF-Z:LP-DIR-AF,g,782,pmagpy-4.2.25-1,999-U999A-1H-4-A-87.5,u,2019-01-18T19:57:40Z,0.01,0,0,0,1,273.0,7.375,1H-4,87.5,1H,4
This study,IN-LINE AF DEMAG:,0.0,196.5,-24.9,999-U999A-1H-4-A-90.0_LP-DIR-AF,LORE[112703961],IODP-SRM:IODP-SRM-AF,1.1884061704653002e-09,1.768e-05,1.0,273.0,999-U999A-1H-4-A-90.0_LP-DIR-AF-785,LT-AF-Z:LP-DIR-AF,g,784,pmagpy-4.2.25-1,999-U999A-1H-4-A-90.0,u,2019-01-18T19:57:40Z,0.01,0,0,0,1,273.0,7.4,1H-4,90.0,1H,4
This study,IN-LINE AF DEMAG:,0.0,215.4,-59.0,999-U999A-1H-4-A-92.5_LP-DIR-AF,LORE[112703961],IODP-SRM:IODP-SRM-AF,1.8317193109275774e-09,1.7047e-05,1.0,273.0,999-U999A-1H-4-A-92.5_LP-DIR-AF-787,LT-AF-Z:LP-DIR-AF,g,786,pmagpy-4.2.25-1,999-U999A-1H-4-A-92.5,u,2019-01-18T19:57:40Z,0.01,0,0,0,1,273.0,7.425,1H-4,92.5,1H,4
This study,IN-LINE AF DEMAG:,0.0,15.0,-46.4,999-U999A-1H-4-A-95.0_LP-DIR-AF,LORE[112703961],IODP-SRM:IODP-SRM-AF,2.314054561802725e-09,1.4378e-05,1.0,273.0,999-U999A-1H-4-A-95.0_LP-DIR-AF-789,LT-AF-Z:LP-DIR-AF,g,788,pmagpy-4.2.25-1,999-U999A-1H-4-A-95.0,u,2019-01-18T19:57:40Z,0.01,0,0,0,1,273.0,7.45,1H-4,95.0,1H,4
This study,IN-LINE AF DEMAG:,0.0,30.4,18.8,999-U999A-1H-4-A-97.5_LP-DIR-AF,LORE[112703961],IODP-SRM:IODP-SRM-AF,2.544227084990646e-09,1.8965e-05,1.0,273.0,999-U999A-1H-4-A-97.5_LP-DIR-AF-791,LT-AF-Z:LP-DIR-AF,g,790,pmagpy-4.2.25-1,999-U999A-1H-4-A-97.5,u,2019-01-18T19:57:40Z,0.01,0,0,0,1,273.0,7.475,1H-4,97.5,1H,4
