adj_dec,citations,core,core_depth,core_sects,description,dir_csd,dir_dec,dir_inc,experiment,external_database_ids,instrument_codes,magn_moment,magn_volume,meas_n_orient,meas_temp,measurement,method_codes,offset,quality,section,sequence,software_packages,specimen,standard,timestamp,treat_ac_field,treat_dc_field,treat_dc_field_phi,treat_dc_field_theta,treat_step_num,treat_temp
174.67993313260973,This study,1H,4.0,1H-1,IN-LINE AF DEMAG:,0.0,264.67993313260973,30.0,999-U999A-1H-1-A-100.0_LP-DIR-AF,LORE[112708361],IODP-SRM:IODP-SRM-AF,7.862391074603195e-07,0.0057901,1.0,273.0,999-U999A-1H-1-A-100.0_LP-DIR-AF-14,LT-AF-Z:LP-DIR-AF,100.0,g,1,13,pmagpy-4.2.25-1,999-U999A-1H-1-A-100.0,u,2019-01-25T02:22:20Z,0.01,0,0,0,3,273.0
172.47993313260974,This study,1H,4.025,1H-1,IN-LINE AF DEMAG:,0.0,262.47993313260974,31.6,999-U999A-1H-1-A-102.5_LP-DIR-AF,LORE[112708361],IODP-SRM:IODP-SRM-AF,7.585166137930005e-07,0.005556,1.0,273.0,999-U999A-1H-1-A-102.5_LP-DIR-AF-20,LT-AF-Z:LP-DIR-AF,102.5,g,1,19,pmagpy-4.2.25-1,999-U999A-1H-1-A-102.5,u,2019-01-25T02:22:20Z,0.01,0,0,0,1,273.0
172.47993313260974,This study,1H,4.05,1H-1,IN-LINE AF DEMAG:,0.0,262.47993313260974,31.0,999-U999A-1H-1-A-105.0_LP-DIR-AF,LORE[112708361],IODP-SRM:IODP-SRM-AF,7.63860331539739e-07,0.0056068,1.0,273.0,999-U999A-1H-1-A-105.0_LP-DIR-AF-23,LT-AF-Z:LP-DIR-AF,105.0,g,1,22,pmagpy-4.2.25-1,999-U999A-1H-1-A-105.0,u,2019-01-25T02:22:20Z,0.01,0,0,0,1,273.0
173.57993313260974,This study,1H,4.075,1H-1,IN-LINE AF DEMAG:,0.0,263.57993313260977,27.2,999-U999A-1H-1-A-107.5_LP-DIR-AF,LORE[112708361],IODP-SRM:IODP-SRM-AF,8.002841092387128e-07,0.0059516000000000005,1.0,273.0,999-U999A-1H-1-A-107.5_LP-DIR-AF-26,LT-AF-Z:LP-DIR-AF,107.5,g,1,25,pmagpy-4.2.25-1,999-U999A-1H-1-A-107.5,u,2019-01-25T02:22:20Z,0.01,0,0,0,1,273.0
174.07993313260974,This study,1H,4.1,1H-1,IN-LINE AF DEMAG:,0.0,264.07993313260977,23.4,999-U999A-1H-1-A-110.0_LP-DIR-AF,LORE[112708361],IODP-SRM:IODP-SRM-AF,8.145929097408105e-07,0.0061311,1.0,273.0,999-U999A-1H-1-A-110.0_LP-DIR-AF-29,LT-AF-Z:LP-DIR-AF,110.0,g,1,28,pmagpy-4.2.25-1,999-U999A-1H-1-A-110.0,u,2019-01-25T02:22:20Z,0.01,0,0,0,1,273.0
177.27993313260976,This study,1H,4.125,1H-1,IN-LINE AF DEMAG:,0.0,267.27993313260976,22.4,999-U999A-1H-1-A-112.5_LP-DIR-AF,LORE[112708361],IODP-SRM:IODP-SRM-AF,8.110425482057029e-07,0.006122,1.0,273.0,999-U999A-1H-1-A-112.5_LP-DIR-AF-32,LT-AF-Z:LP-DIR-AF,112.5,g,1,31,pmagpy-4.2.25-1,999-U999A-1H-1-A-112.5,u,2019-01-25T02:22:20Z,0.01,0,0,0,1,273.0
182.67993313260973,This study,1H,4.15,1H-1,IN-LINE AF DEMAG:,0.0,272.67993313260973,25.7,999-U999A-1H-1-A-115.0_LP-DIR-AF,LORE[112708361],IODP-SRM:IODP-SRM-AF,8.24224155130144e-07,0.0061585,1.0,273.0,999-U999A-1H-1-A-115.0_LP-DIR-AF-35,LT-AF-Z:LP-DIR-AF,115.0,g,1,34,pmagpy-4.2.25-1,999-U999A-1H-1-A-115.0,u,2019-01-25T02:22:20Z,0.01,0,0,0,1,273.0
185.37993313260975,This study,1H,4.175,1H-1,IN-LINE AF DEMAG:,0.0,275.3799331326097,30.6,999-U999A-1H-1-A-117.5_LP-DIR-AF,LORE[112708361],IODP-SRM:IODP-SRM-AF,8.920203532431309e-07,0.006555199999999999,1.0,273.0,999-U999A-1H-1-A-117.5_LP-DIR-AF-38,LT-AF-Z:LP-DIR-AF,117.5,g,1,37,pmagpy-4.2.25-1,999-U999A-1H-1-A-117.5,u,2019-01-25T02:22:20Z,0.01,0,0,0,1,273.0
181.67993313260973,This study,1H,4.2,1H-1,IN-LINE AF DEMAG:,0.0,271.67993313260973,33.0,999-U999A-1H-1-A-120.0_LP-DIR-AF,LORE[112708361],IODP-SRM:IODP-SRM-AF,9.774538357385478e-07,0.007123100000000001,1.0,273.0,999-U999A-1H-1-A-120.0_LP-DIR-AF-47,LT-AF-Z:LP-DIR-AF,120.0,g,1,46,pmagpy-4.2.25-1,999-U999A-1H-1-A-120.0,u,2019-01-25T02:22:20Z,0.01,0,0,0,1,273.0
179.57993313260974,This study,1H,4.225,1H-1,IN-LINE AF DEMAG:,0.0,269.57993313260977,32.8,999-U999A-1H-1-A-122.5_LP-DIR-AF,LORE[112708361],IODP-SRM:IODP-SRM-AF,9.75042069656484e-07,0.007109000000000002,1.0,273.0,999-U999A-1H-1-A-122.5_LP-DIR-AF-50,LT-AF-Z:LP-DIR-AF,122.5,g,1,49,pmagpy-4.2.25-1,999-U999A-1H-1-A-122.5,u,2019-01-25T02:22:20Z,0.01,0,0,0,1,273.0
184.77993313260976,This study,1H,4.25,1H-1,IN-LINE AF DEMAG:,0.0,274.77993313260976,33.9,999-U999A-1H-1-A-125.0_LP-DIR-AF,LORE[112708361],IODP-SRM:IODP-SRM-AF,8.79658365162294e-07,0.006389199999999999,1.0,273.0,999-U999A-1H-1-A-125.0_LP-DIR-AF-53,LT-AF-Z:LP-DIR-AF,125.0,g,1,52,pmagpy-4.2.25-1,999-U999A-1H-1-A-125.0,u,2019-01-25T02:22:20Z,0.01,0,0,0,1,273.0
193.07993313260977,This study,1H,4.275,1H-1,IN-LINE AF DEMAG:,0.0,283.07993313260977,35.5,999-U999A-1H-1-A-127.5_LP-DIR-AF,LORE[112708361],IODP-SRM:IODP-SRM-AF,8.382870217890767e-07,0.0060545,1.0,273.0,999-U999A-1H-1-A-127.5_LP-DIR-AF-56,LT-AF-Z:LP-DIR-AF,127.5,g,1,55,pmagpy-4.2.25-1,999-U999A-1H-1-A-127.5,u,2019-01-25T02:22:20Z,0.01,0,0,0,1,273.0
192.47993313260974,This study,1H,4.3,1H-1,IN-LINE AF DEMAG:,0.0,282.47993313260974,34.2,999-U999A-1H-1-A-130.0_LP-DIR-AF,LORE[112708361],IODP-SRM:IODP-SRM-AF,9.077229644004828e-07,0.006586799999999999,1.0,273.0,999-U999A-1H-1-A-130.0_LP-DIR-AF-59,LT-AF-Z:LP-DIR-AF,130.0,g,1,58,pmagpy-4.2.25-1,999-U999A-1H-1-A-130.0,u,2019-01-25T02:22:20Z,0.01,0,0,0,1,273.0
189.17993313260973,This study,1H,4.325,1H-1,IN-LINE AF DEMAG:,0.0,279.17993313260973,31.4,999-U999A-1H-1-A-132.5_LP-DIR-AF,LORE[112708361],IODP-SRM:IODP-SRM-AF,9.760128410528211e-07,0.0071538,1.0,273.0,999-U999A-1H-1-A-132.5_LP-DIR-AF-62,LT-AF-Z:LP-DIR-AF,132.5,g,1,61,pmagpy-4.2.25-1,999-U999A-1H-1-A-132.5,u,2019-01-25T02:22:20Z,0.01,0,0,0,1,273.0
188.97993313260974,This study,1H,4.35,1H-1,IN-LINE AF DEMAG:,0.0,278.97993313260974,31.3,999-U999A-1H-1-A-135.0_LP-DIR-AF,LORE[112708361],IODP-SRM:IODP-SRM-AF,9.381875192625408e-07,0.006878399999999999,1.0,273.0,999-U999A-1H-1-A-135.0_LP-DIR-AF-65,LT-AF-Z:LP-DIR-AF,135.0,g,1,64,pmagpy-4.2.25-1,999-U999A-1H-1-A-135.0,u,2019-01-25T02:22:20Z,0.01,0,0,0,1,273.0
189.37993313260975,This study,1H,4.375,1H-1,IN-LINE AF DEMAG:,0.0,279.3799331326097,35.1,999-U999A-1H-1-A-137.5_LP-DIR-AF,LORE[112708361],IODP-SRM:IODP-SRM-AF,8.809247810681681e-07,0.0063699,1.0,273.0,999-U999A-1H-1-A-137.5_LP-DIR-AF-68,LT-AF-Z:LP-DIR-AF,137.5,g,1,67,pmagpy-4.2.25-1,999-U999A-1H-1-A-137.5,u,2019-01-25T02:22:20Z,0.01,0,0,0,1,273.0
166.77993313260976,This study,1H,3.825,1H-1,IN-LINE AF DEMAG:,0.0,256.77993313260976,25.2,999-U999A-1H-1-A-82.5_LP-DIR-AF,LORE[112708361],IODP-SRM:IODP-SRM-AF,7.370630529337365e-07,0.0055163,1.0,273.0,999-U999A-1H-1-A-82.5_LP-DIR-AF-286,LT-AF-Z:LP-DIR-AF,82.5,g,1,285,pmagpy-4.2.25-1,999-U999A-1H-1-A-82.5,u,2019-01-25T02:22:20Z,0.01,0,0,0,1,273.0
172.37993313260975,This study,1H,3.85,1H-1,IN-LINE AF DEMAG:,0.0,262.3799331326097,26.8,999-U999A-1H-1-A-85.0_LP-DIR-AF,LORE[112708361],IODP-SRM:IODP-SRM-AF,6.95526090739952e-07,0.0051786,1.0,273.0,999-U999A-1H-1-A-85.0_LP-DIR-AF-292,LT-AF-Z:LP-DIR-AF,85.0,g,1,291,pmagpy-4.2.25-1,999-U999A-1H-1-A-85.0,u,2019-01-25T02:22:20Z,0.01,0,0,0,1,273.0
176.97993313260974,This study,1H,3.875,1H-1,IN-LINE AF DEMAG:,0.0,266.97993313260974,29.7,999-U999A-1H-1-A-87.5_LP-DIR-AF,LORE[112708361],IODP-SRM:IODP-SRM-AF,6.97410537130032e-07,0.0051422,1.0,273.0,999-U999A-1H-1-A-87.5_LP-DIR-AF-298,LT-AF-Z:LP-DIR-AF,87.5,g,1,297,pmagpy-4.2.25-1,999-U999A-1H-1-A-87.5,u,2019-01-25T02:22:20Z,0.01,0,0,0,1,273.0
177.17993313260973,This study,1H,3.9,1H-1,IN-LINE AF DEMAG:,0.0,267.17993313260973,32.4,999-U999A-1H-1-A-90.0_LP-DIR-AF,LORE[112708361],IODP-SRM:IODP-SRM-AF,7.168866475252555e-07,0.0052374,1.0,273.0,999-U999A-1H-1-A-90.0_LP-DIR-AF-306,LT-AF-Z:LP-DIR-AF,90.0,g,1,305,pmagpy-4.2.25-1,999-U999A-1H-1-A-90.0,u,2019-01-25T02:22:20Z,0.01,0,0,0,3,273.0
174.47993313260974,This study,1H,3.925,1H-1,IN-LINE AF DEMAG:,0.0,264.47993313260974,31.2,999-U999A-1H-1-A-92.5_LP-DIR-AF,LORE[112708361],IODP-SRM:IODP-SRM-AF,7.551011232940924e-07,0.0055376,1.0,273.0,999-U999A-1H-1-A-92.5_LP-DIR-AF-312,LT-AF-Z:LP-DIR-AF,92.5,g,1,311,pmagpy-4.2.25-1,999-U999A-1H-1-A-92.5,u,2019-01-25T02:22:20Z,0.01,0,0,0,1,273.0
173.57993313260974,This study,1H,3.95,1H-1,IN-LINE AF DEMAG:,0.0,263.57993313260977,28.7,999-U999A-1H-1-A-95.0_LP-DIR-AF,LORE[112708361],IODP-SRM:IODP-SRM-AF,7.903982670780596e-07,0.0058456,1.0,273.0,999-U999A-1H-1-A-95.0_LP-DIR-AF-318,LT-AF-Z:LP-DIR-AF,95.0,g,1,317,pmagpy-4.2.25-1,999-U999A-1H-1-A-95.0,u,2019-01-25T02:22:20Z,0.01,0,0,0,1,273.0
174.87993313260975,This study,1H,3.975,1H-1,IN-LINE AF DEMAG:,0.0,264.8799331326097,27.9,999-U999A-1H-1-A-97.5_LP-DIR-AF,LORE[112708361],IODP-SRM:IODP-SRM-AF,8.139846103582058e-07,0.0060354,1.0,273.0,999-U999A-1H-1-A-97.5_LP-DIR-AF-324,LT-AF-Z:LP-DIR-AF,97.5,g,1,323,pmagpy-4.2.25-1,999-U999A-1H-1-A-97.5,u,2019-01-25T02:22:20Z,0.01,0,0,0,1,273.0
329.47993313260974,This study,1H,5.5,1H-2,IN-LINE AF DEMAG:,0.0,59.479933132609744,-75.6,999-U999A-1H-2-A-100.0_LP-DIR-AF,LORE[113385651],IODP-SRM:IODP-SRM-AF,4.0137038111076415e-06,0.023565,1.0,273.0,999-U999A-1H-2-A-100.0_LP-DIR-AF-334,LT-AF-Z:LP-DIR-AF,100.0,g,2,333,pmagpy-4.2.25-1,999-U999A-1H-2-A-100.0,u,2019-03-28T23:37:09Z,0.01,0,0,0,1,273.0
314.97993313260974,This study,1H,5.55,1H-2,IN-LINE AF DEMAG:,0.0,44.979933132609744,-75.4,999-U999A-1H-2-A-105.0_LP-DIR-AF,LORE[113385651],IODP-SRM:IODP-SRM-AF,2.8317235701247397e-06,0.016634,1.0,273.0,999-U999A-1H-2-A-105.0_LP-DIR-AF-336,LT-AF-Z:LP-DIR-AF,105.0,g,2,335,pmagpy-4.2.25-1,999-U999A-1H-2-A-105.0,u,2019-03-28T23:37:09Z,0.01,0,0,0,1,273.0
307.3799331326097,This study,1H,5.6,1H-2,IN-LINE AF DEMAG:,0.0,37.37993313260972,-74.3,999-U999A-1H-2-A-110.0_LP-DIR-AF,LORE[113385651],IODP-SRM:IODP-SRM-AF,1.615185387192752e-06,0.0095168,1.0,273.0,999-U999A-1H-2-A-110.0_LP-DIR-AF-338,LT-AF-Z:LP-DIR-AF,110.0,g,2,337,pmagpy-4.2.25-1,999-U999A-1H-2-A-110.0,u,2019-03-28T23:37:09Z,0.01,0,0,0,1,273.0
345.07993313260977,This study,1H,5.65,1H-2,IN-LINE AF DEMAG:,0.0,75.07993313260977,-86.4,999-U999A-1H-2-A-115.0_LP-DIR-AF,LORE[113385651],IODP-SRM:IODP-SRM-AF,1.2086352962134607e-06,0.006963,1.0,273.0,999-U999A-1H-2-A-115.0_LP-DIR-AF-340,LT-AF-Z:LP-DIR-AF,115.0,g,2,339,pmagpy-4.2.25-1,999-U999A-1H-2-A-115.0,u,2019-03-28T23:37:09Z,0.01,0,0,0,1,273.0
331.67993313260973,This study,1H,5.7,1H-2,IN-LINE AF DEMAG:,0.0,61.67993313260973,-84.8,999-U999A-1H-2-A-120.0_LP-DIR-AF,LORE[113385651],IODP-SRM:IODP-SRM-AF,1.760240487188327e-06,0.010156,1.0,273.0,999-U999A-1H-2-A-120.0_LP-DIR-AF-342,LT-AF-Z:LP-DIR-AF,120.0,g,2,341,pmagpy-4.2.25-1,999-U999A-1H-2-A-120.0,u,2019-03-28T23:37:09Z,0.01,0,0,0,1,273.0
337.47993313260974,This study,1H,4.65,1H-2,IN-LINE AF DEMAG:,0.0,67.47993313260974,-62.6,999-U999A-1H-2-A-15.0_LP-DIR-AF,LORE[113385651],IODP-SRM:IODP-SRM-AF,5.786657350318921e-06,0.03574,1.0,273.0,999-U999A-1H-2-A-15.0_LP-DIR-AF-350,LT-AF-Z:LP-DIR-AF,15.0,g,2,349,pmagpy-4.2.25-1,999-U999A-1H-2-A-15.0,u,2019-03-28T23:37:09Z,0.01,0,0,0,1,273.0
334.07993313260977,This study,1H,4.7,1H-2,IN-LINE AF DEMAG:,0.0,64.07993313260977,-59.9,999-U999A-1H-2-A-20.0_LP-DIR-AF,LORE[113385651],IODP-SRM:IODP-SRM-AF,6.430575013947043e-06,0.0403,1.0,273.0,999-U999A-1H-2-A-20.0_LP-DIR-AF-352,LT-AF-Z:LP-DIR-AF,20.0,g,2,351,pmagpy-4.2.25-1,999-U999A-1H-2-A-20.0,u,2019-03-28T23:37:09Z,0.01,0,0,0,1,273.0
328.97993313260974,This study,1H,4.75,1H-2,IN-LINE AF DEMAG:,0.0,58.979933132609744,-56.7,999-U999A-1H-2-A-25.0_LP-DIR-AF,LORE[113385651],IODP-SRM:IODP-SRM-AF,5.4258132717593584e-06,0.034654000000000004,1.0,273.0,999-U999A-1H-2-A-25.0_LP-DIR-AF-354,LT-AF-Z:LP-DIR-AF,25.0,g,2,353,pmagpy-4.2.25-1,999-U999A-1H-2-A-25.0,u,2019-03-28T23:37:09Z,0.01,0,0,0,1,273.0
344.67993313260973,This study,1H,4.8,1H-2,IN-LINE AF DEMAG:,0.0,74.67993313260973,-61.5,999-U999A-1H-2-A-30.0_LP-DIR-AF,LORE[113385651],IODP-SRM:IODP-SRM-AF,5.541877444512825e-06,0.034417,1.0,273.0,999-U999A-1H-2-A-30.0_LP-DIR-AF-356,LT-AF-Z:LP-DIR-AF,30.0,g,2,355,pmagpy-4.2.25-1,999-U999A-1H-2-A-30.0,u,2019-03-28T23:37:09Z,0.01,0,0,0,1,273.0
332.47993313260974,This study,1H,4.85,1H-2,IN-LINE AF DEMAG:,0.0,62.479933132609744,-56.5,999-U999A-1H-2-A-35.0_LP-DIR-AF,LORE[113385651],IODP-SRM:IODP-SRM-AF,5.9595368578439045e-06,0.038091,1.0,273.0,999-U999A-1H-2-A-35.0_LP-DIR-AF-358,LT-AF-Z:LP-DIR-AF,35.0,g,2,357,pmagpy-4.2.25-1,999-U999A-1H-2-A-35.0,u,2019-03-28T23:37:09Z,0.01,0,0,0,1,273.0
334.77993313260976,This study,1H,4.9,1H-2,IN-LINE AF DEMAG:,0.0,64.77993313260976,-62.2,999-U999A-1H-2-A-40.0_LP-DIR-AF,LORE[113385651],IODP-SRM:IODP-SRM-AF,4.777522011890683e-06,0.029565,1.0,273.0,999-U999A-1H-2-A-40.0_LP-DIR-AF-360,LT-AF-Z:LP-DIR-AF,40.0,g,2,359,pmagpy-4.2.25-1,999-U999A-1H-2-A-40.0,u,2019-03-28T23:37:09Z,0.01,0,0,0,1,273.0
331.8799331326097,This study,1H,4.95,1H-2,IN-LINE AF DEMAG:,0.0,61.87993313260972,-61.3,999-U999A-1H-2-A-45.0_LP-DIR-AF,LORE[113385651],IODP-SRM:IODP-SRM-AF,5.2674690269616205e-06,0.032760000000000004,1.0,273.0,999-U999A-1H-2-A-45.0_LP-DIR-AF-362,LT-AF-Z:LP-DIR-AF,45.0,g,2,361,pmagpy-4.2.25-1,999-U999A-1H-2-A-45.0,u,2019-03-28T23:37:09Z,0.01,0,0,0,1,273.0
320.8799331326097,This study,1H,5.0,1H-2,IN-LINE AF DEMAG:,0.0,50.87993313260972,-62.1,999-U999A-1H-2-A-50.0_LP-DIR-AF,LORE[113385651],IODP-SRM:IODP-SRM-AF,5.806257437291253e-06,0.035976,1.0,273.0,999-U999A-1H-2-A-50.0_LP-DIR-AF-366,LT-AF-Z:LP-DIR-AF,50.0,g,2,365,pmagpy-4.2.25-1,999-U999A-1H-2-A-50.0,u,2019-03-28T23:37:09Z,0.01,0,0,0,1,273.0
321.57993313260977,This study,1H,5.05,1H-2,IN-LINE AF DEMAG:,0.0,51.57993313260977,-65.4,999-U999A-1H-2-A-55.0_LP-DIR-AF,LORE[113385651],IODP-SRM:IODP-SRM-AF,5.699344568456972e-06,0.034715,1.0,273.0,999-U999A-1H-2-A-55.0_LP-DIR-AF-368,LT-AF-Z:LP-DIR-AF,55.0,g,2,367,pmagpy-4.2.25-1,999-U999A-1H-2-A-55.0,u,2019-03-28T23:37:09Z,0.01,0,0,0,1,273.0
319.97993313260974,This study,1H,5.1,1H-2,IN-LINE AF DEMAG:,0.0,49.979933132609744,-67.8,999-U999A-1H-2-A-60.0_LP-DIR-AF,LORE[113385651],IODP-SRM:IODP-SRM-AF,6.468583638054006e-06,0.038996,1.0,273.0,999-U999A-1H-2-A-60.0_LP-DIR-AF-370,LT-AF-Z:LP-DIR-AF,60.0,g,2,369,pmagpy-4.2.25-1,999-U999A-1H-2-A-60.0,u,2019-03-28T23:37:09Z,0.01,0,0,0,1,273.0
315.8799331326097,This study,1H,5.15,1H-2,IN-LINE AF DEMAG:,0.0,45.87993313260972,-62.9,999-U999A-1H-2-A-65.0_LP-DIR-AF,LORE[113385651],IODP-SRM:IODP-SRM-AF,6.22030281115799e-06,0.038385,1.0,273.0,999-U999A-1H-2-A-65.0_LP-DIR-AF-372,LT-AF-Z:LP-DIR-AF,65.0,g,2,371,pmagpy-4.2.25-1,999-U999A-1H-2-A-65.0,u,2019-03-28T23:37:09Z,0.01,0,0,0,1,273.0
324.27993313260976,This study,1H,5.2,1H-2,IN-LINE AF DEMAG:,0.0,54.279933132609756,-71.2,999-U999A-1H-2-A-70.0_LP-DIR-AF,LORE[113385651],IODP-SRM:IODP-SRM-AF,4.822205091822622e-06,0.028703,1.0,273.0,999-U999A-1H-2-A-70.0_LP-DIR-AF-374,LT-AF-Z:LP-DIR-AF,70.0,g,2,373,pmagpy-4.2.25-1,999-U999A-1H-2-A-70.0,u,2019-03-28T23:37:09Z,0.01,0,0,0,1,273.0
317.8799331326097,This study,1H,5.25,1H-2,IN-LINE AF DEMAG:,0.0,47.87993313260972,-70.7,999-U999A-1H-2-A-75.0_LP-DIR-AF,LORE[113385651],IODP-SRM:IODP-SRM-AF,5.101316049863996e-06,0.030431,1.0,273.0,999-U999A-1H-2-A-75.0_LP-DIR-AF-376,LT-AF-Z:LP-DIR-AF,75.0,g,2,375,pmagpy-4.2.25-1,999-U999A-1H-2-A-75.0,u,2019-03-28T23:37:09Z,0.01,0,0,0,1,273.0
319.47993313260974,This study,1H,5.3,1H-2,IN-LINE AF DEMAG:,0.0,49.479933132609744,-70.4,999-U999A-1H-2-A-80.0_LP-DIR-AF,LORE[113385651],IODP-SRM:IODP-SRM-AF,5.463826934750038e-06,0.03262,1.0,273.0,999-U999A-1H-2-A-80.0_LP-DIR-AF-378,LT-AF-Z:LP-DIR-AF,80.0,g,2,377,pmagpy-4.2.25-1,999-U999A-1H-2-A-80.0,u,2019-03-28T23:37:09Z,0.01,0,0,0,1,273.0
314.67993313260973,This study,1H,5.35,1H-2,IN-LINE AF DEMAG:,0.0,44.67993313260973,-74.8,999-U999A-1H-2-A-85.0_LP-DIR-AF,LORE[113385651],IODP-SRM:IODP-SRM-AF,6.64539879333814e-06,0.039114,1.0,273.0,999-U999A-1H-2-A-85.0_LP-DIR-AF-380,LT-AF-Z:LP-DIR-AF,85.0,g,2,379,pmagpy-4.2.25-1,999-U999A-1H-2-A-85.0,u,2019-03-28T23:37:09Z,0.01,0,0,0,1,273.0
323.97993313260974,This study,1H,5.4,1H-2,IN-LINE AF DEMAG:,0.0,53.979933132609744,-72.3,999-U999A-1H-2-A-90.0_LP-DIR-AF,LORE[113385651],IODP-SRM:IODP-SRM-AF,6.382122550225748e-06,0.037853,1.0,273.0,999-U999A-1H-2-A-90.0_LP-DIR-AF-382,LT-AF-Z:LP-DIR-AF,90.0,g,2,381,pmagpy-4.2.25-1,999-U999A-1H-2-A-90.0,u,2019-03-28T23:37:09Z,0.01,0,0,0,1,273.0
324.67993313260973,This study,1H,5.45,1H-2,IN-LINE AF DEMAG:,0.0,54.67993313260973,-73.8,999-U999A-1H-2-A-95.0_LP-DIR-AF,LORE[113385651],IODP-SRM:IODP-SRM-AF,5.253913673643677e-06,0.031009,1.0,273.0,999-U999A-1H-2-A-95.0_LP-DIR-AF-384,LT-AF-Z:LP-DIR-AF,95.0,g,2,383,pmagpy-4.2.25-1,999-U999A-1H-2-A-95.0,u,2019-03-28T23:37:09Z,0.01,0,0,0,1,273.0
312.97993313260974,This study,1H,7.0,1H-3,IN-LINE AF DEMAG:: average of multiple measurements,51.4,42.979933132609744,23.1,999-U999A-1H-3-A-100.0_LP-DIR-AF,LORE[112708561],IODP-SRM:IODP-SRM-AF,1.828e-10,6.7621e-07,8.0,273.0,999-U999A-1H-3-A-100.0_LP-DIR-AF-397,LT-AF-Z:DE-VM:LP-DIR-AF,100.0,g,3,396,pmagpy-4.2.25-1,999-U999A-1H-3-A-100.0,u,2019-01-25T04:03:23Z,0.01,0,0,0,2,273.0
330.17993313260973,This study,1H,7.025,1H-3,IN-LINE AF DEMAG:: average of multiple measurements,51.5,60.17993313260973,24.3,999-U999A-1H-3-A-102.5_LP-DIR-AF,LORE[112708561],IODP-SRM:IODP-SRM-AF,2.4230000000000003e-10,7.1823e-07,8.0,273.0,999-U999A-1H-3-A-102.5_LP-DIR-AF-402,LT-AF-Z:DE-VM:LP-DIR-AF,102.5,g,3,401,pmagpy-4.2.25-1,999-U999A-1H-3-A-102.5,u,2019-01-25T04:03:23Z,0.01,0,0,0,2,273.0
20.179933132609747,This study,1H,7.05,1H-3,IN-LINE AF DEMAG:: average of multiple measurements,66.6,110.17993313260975,49.4,999-U999A-1H-3-A-105.0_LP-DIR-AF,LORE[112708561],IODP-SRM:IODP-SRM-AF,1.495e-10,8.7631e-07,8.0,273.0,999-U999A-1H-3-A-105.0_LP-DIR-AF-407,LT-AF-Z:DE-VM:LP-DIR-AF,105.0,g,3,406,pmagpy-4.2.25-1,999-U999A-1H-3-A-105.0,u,2019-01-25T04:03:23Z,0.01,0,0,0,2,273.0
150.77993313260976,This study,1H,7.075,1H-3,IN-LINE AF DEMAG:: average of multiple measurements,65.6,240.77993313260976,47.9,999-U999A-1H-3-A-107.5_LP-DIR-AF,LORE[112708561],IODP-SRM:IODP-SRM-AF,1.066e-10,1.4146e-06,8.0,273.0,999-U999A-1H-3-A-107.5_LP-DIR-AF-412,LT-AF-Z:DE-VM:LP-DIR-AF,107.5,g,3,411,pmagpy-4.2.25-1,999-U999A-1H-3-A-107.5,u,2019-01-25T04:03:23Z,0.01,0,0,0,2,273.0
253.97993313260974,This study,1H,7.1,1H-3,IN-LINE AF DEMAG:: average of multiple measurements,43.0,343.97993313260974,45.3,999-U999A-1H-3-A-110.0_LP-DIR-AF,LORE[112708561],IODP-SRM:IODP-SRM-AF,2.07e-10,1.8402e-06,8.0,273.0,999-U999A-1H-3-A-110.0_LP-DIR-AF-417,LT-AF-Z:DE-VM:LP-DIR-AF,110.0,g,3,416,pmagpy-4.2.25-1,999-U999A-1H-3-A-110.0,u,2019-01-25T04:03:23Z,0.01,0,0,0,2,273.0
284.8799331326097,This study,1H,7.125,1H-3,IN-LINE AF DEMAG:: average of multiple measurements,43.1,14.879933132609722,37.5,999-U999A-1H-3-A-112.5_LP-DIR-AF,LORE[112708561],IODP-SRM:IODP-SRM-AF,2.1499999999999998e-10,1.7705e-06,8.0,273.0,999-U999A-1H-3-A-112.5_LP-DIR-AF-422,LT-AF-Z:DE-VM:LP-DIR-AF,112.5,g,3,421,pmagpy-4.2.25-1,999-U999A-1H-3-A-112.5,u,2019-01-25T04:03:23Z,0.01,0,0,0,2,273.0
298.57993313260977,This study,1H,7.15,1H-3,IN-LINE AF DEMAG:: average of multiple measurements,48.8,28.579933132609767,30.3,999-U999A-1H-3-A-115.0_LP-DIR-AF,LORE[112708561],IODP-SRM:IODP-SRM-AF,1.29e-10,1.3741e-06,8.0,273.0,999-U999A-1H-3-A-115.0_LP-DIR-AF-427,LT-AF-Z:DE-VM:LP-DIR-AF,115.0,g,3,426,pmagpy-4.2.25-1,999-U999A-1H-3-A-115.0,u,2019-01-25T04:03:23Z,0.01,0,0,0,2,273.0
321.97993313260974,This study,1H,7.175,1H-3,IN-LINE AF DEMAG:: average of multiple measurements,63.1,51.979933132609744,32.0,999-U999A-1H-3-A-117.5_LP-DIR-AF,LORE[112708561],IODP-SRM:IODP-SRM-AF,9.165999999999998e-11,6.2691e-07,8.0,273.0,999-U999A-1H-3-A-117.5_LP-DIR-AF-432,LT-AF-Z:DE-VM:LP-DIR-AF,117.5,g,3,431,pmagpy-4.2.25-1,999-U999A-1H-3-A-117.5,u,2019-01-25T04:03:23Z,0.01,0,0,0,2,273.0
198.37993313260972,This study,1H,6.125,1H-3,IN-LINE AF DEMAG:: average of multiple measurements,50.7,288.3799331326097,37.0,999-U999A-1H-3-A-12.5_LP-DIR-AF,LORE[112708621],IODP-SRM:IODP-SRM-AF,8.425e-08,1.4174000000000004e-06,18.0,273.0,999-U999A-1H-3-A-12.5_LP-DIR-AF-437,LT-AF-Z:DE-VM:LP-DIR-AF,12.5,g,3,436,pmagpy-4.2.25-1,999-U999A-1H-3-A-12.5,u,2019-01-25T04:28:35Z,0.01,0,0,0,2,273.0
333.97993313260974,This study,1H,7.2,1H-3,IN-LINE AF DEMAG:: average of multiple measurements,57.7,63.979933132609744,36.1,999-U999A-1H-3-A-120.0_LP-DIR-AF,LORE[112708561],IODP-SRM:IODP-SRM-AF,1.036e-10,7.1668e-07,8.0,273.0,999-U999A-1H-3-A-120.0_LP-DIR-AF-442,LT-AF-Z:DE-VM:LP-DIR-AF,120.0,g,3,441,pmagpy-4.2.25-1,999-U999A-1H-3-A-120.0,u,2019-01-25T04:03:23Z,0.01,0,0,0,2,273.0
302.77993313260976,This study,1H,7.225,1H-3,IN-LINE AF DEMAG:: average of multiple measurements,50.2,32.779933132609756,39.7,999-U999A-1H-3-A-122.5_LP-DIR-AF,LORE[112708561],IODP-SRM:IODP-SRM-AF,1.9050000000000001e-10,1.2442e-06,8.0,273.0,999-U999A-1H-3-A-122.5_LP-DIR-AF-447,LT-AF-Z:DE-VM:LP-DIR-AF,122.5,g,3,446,pmagpy-4.2.25-1,999-U999A-1H-3-A-122.5,u,2019-01-25T04:03:23Z,0.01,0,0,0,2,273.0
316.77993313260976,This study,1H,7.25,1H-3,IN-LINE AF DEMAG:: average of multiple measurements,36.8,46.779933132609756,45.2,999-U999A-1H-3-A-125.0_LP-DIR-AF,LORE[112708561],IODP-SRM:IODP-SRM-AF,2.74e-10,1.7003999999999996e-06,8.0,273.0,999-U999A-1H-3-A-125.0_LP-DIR-AF-452,LT-AF-Z:DE-VM:LP-DIR-AF,125.0,g,3,451,pmagpy-4.2.25-1,999-U999A-1H-3-A-125.0,u,2019-01-25T04:03:23Z,0.01,0,0,0,2,273.0
343.27993313260976,This study,1H,7.275,1H-3,IN-LINE AF DEMAG:: average of multiple measurements,37.3,73.27993313260976,35.7,999-U999A-1H-3-A-127.5_LP-DIR-AF,LORE[112708561],IODP-SRM:IODP-SRM-AF,2.753e-10,3.0076e-06,8.0,273.0,999-U999A-1H-3-A-127.5_LP-DIR-AF-457,LT-AF-Z:DE-VM:LP-DIR-AF,127.5,g,3,456,pmagpy-4.2.25-1,999-U999A-1H-3-A-127.5,u,2019-01-25T04:03:23Z,0.01,0,0,0,2,273.0
2.37993313260975,This study,1H,7.3,1H-3,IN-LINE AF DEMAG:: average of multiple measurements,45.0,92.37993313260975,37.8,999-U999A-1H-3-A-130.0_LP-DIR-AF,LORE[112708561],IODP-SRM:IODP-SRM-AF,2.019e-10,2.9259e-06,8.0,273.0,999-U999A-1H-3-A-130.0_LP-DIR-AF-462,LT-AF-Z:DE-VM:LP-DIR-AF,130.0,g,3,461,pmagpy-4.2.25-1,999-U999A-1H-3-A-130.0,u,2019-01-25T04:03:23Z,0.01,0,0,0,2,273.0
42.57993313260974,This study,1H,7.325,1H-3,IN-LINE AF DEMAG:: average of multiple measurements,58.6,132.57993313260974,17.6,999-U999A-1H-3-A-132.5_LP-DIR-AF,LORE[112708561],IODP-SRM:IODP-SRM-AF,1.5030000000000001e-10,7.4262e-07,8.0,273.0,999-U999A-1H-3-A-132.5_LP-DIR-AF-467,LT-AF-Z:DE-VM:LP-DIR-AF,132.5,g,3,466,pmagpy-4.2.25-1,999-U999A-1H-3-A-132.5,u,2019-01-25T04:03:23Z,0.01,0,0,0,2,273.0
60.17993313260975,This study,1H,7.35,1H-3,IN-LINE AF DEMAG:: average of multiple measurements,50.9,150.17993313260973,-10.6,999-U999A-1H-3-A-135.0_LP-DIR-AF,LORE[112708561],IODP-SRM:IODP-SRM-AF,1.1090000000000001e-10,8.712899999999999e-07,8.0,273.0,999-U999A-1H-3-A-135.0_LP-DIR-AF-472,LT-AF-Z:DE-VM:LP-DIR-AF,135.0,g,3,471,pmagpy-4.2.25-1,999-U999A-1H-3-A-135.0,u,2019-01-25T04:03:23Z,0.01,0,0,0,2,273.0
339.97993313260974,This study,1H,7.375,1H-3,IN-LINE AF DEMAG:: average of multiple measurements,53.2,69.97993313260974,-14.1,999-U999A-1H-3-A-137.5_LP-DIR-AF,LORE[112708561],IODP-SRM:IODP-SRM-AF,8.932e-11,5.5588e-07,8.0,273.0,999-U999A-1H-3-A-137.5_LP-DIR-AF-477,LT-AF-Z:DE-VM:LP-DIR-AF,137.5,g,3,476,pmagpy-4.2.25-1,999-U999A-1H-3-A-137.5,u,2019-01-25T04:03:23Z,0.01,0,0,0,2,273.0
198.37993313260972,This study,1H,6.15,1H-3,IN-LINE AF DEMAG:: average of multiple measurements,46.9,288.3799331326097,42.5,999-U999A-1H-3-A-15.0_LP-DIR-AF,LORE[112708621],IODP-SRM:IODP-SRM-AF,8.818999999999998e-08,1.3082e-06,18.0,273.0,999-U999A-1H-3-A-15.0_LP-DIR-AF-502,LT-AF-Z:DE-VM:LP-DIR-AF,15.0,g,3,501,pmagpy-4.2.25-1,999-U999A-1H-3-A-15.0,u,2019-01-25T04:28:35Z,0.01,0,0,0,2,273.0
194.17993313260973,This study,1H,6.175,1H-3,IN-LINE AF DEMAG:: average of multiple measurements,51.5,284.17993313260973,46.4,999-U999A-1H-3-A-17.5_LP-DIR-AF,LORE[112708621],IODP-SRM:IODP-SRM-AF,9.750999999999999e-08,1.4074e-06,18.0,273.0,999-U999A-1H-3-A-17.5_LP-DIR-AF-512,LT-AF-Z:DE-VM:LP-DIR-AF,17.5,g,3,511,pmagpy-4.2.25-1,999-U999A-1H-3-A-17.5,u,2019-01-25T04:28:35Z,0.01,0,0,0,2,273.0
189.27993313260976,This study,1H,6.2,1H-3,IN-LINE AF DEMAG:: average of multiple measurements,62.7,279.27993313260976,52.5,999-U999A-1H-3-A-20.0_LP-DIR-AF,LORE[112708621],IODP-SRM:IODP-SRM-AF,1.08e-07,2.3668e-06,18.0,273.0,999-U999A-1H-3-A-20.0_LP-DIR-AF-522,LT-AF-Z:DE-VM:LP-DIR-AF,20.0,g,3,521,pmagpy-4.2.25-1,999-U999A-1H-3-A-20.0,u,2019-01-25T04:28:35Z,0.01,0,0,0,2,273.0
195.57993313260977,This study,1H,6.225,1H-3,IN-LINE AF DEMAG:: average of multiple measurements,63.3,285.57993313260977,59.2,999-U999A-1H-3-A-22.5_LP-DIR-AF,LORE[112708621],IODP-SRM:IODP-SRM-AF,1.295e-07,3.4347000000000008e-06,18.0,273.0,999-U999A-1H-3-A-22.5_LP-DIR-AF-527,LT-AF-Z:DE-VM:LP-DIR-AF,22.5,g,3,526,pmagpy-4.2.25-1,999-U999A-1H-3-A-22.5,u,2019-01-25T04:28:35Z,0.01,0,0,0,2,273.0
204.97993313260974,This study,1H,6.25,1H-3,IN-LINE AF DEMAG:: average of multiple measurements,64.8,294.97993313260974,59.9,999-U999A-1H-3-A-25.0_LP-DIR-AF,LORE[112708591],IODP-SRM:IODP-SRM-AF,1.672e-07,2.6974e-06,18.0,273.0,999-U999A-1H-3-A-25.0_LP-DIR-AF-532,LT-AF-Z:DE-VM:LP-DIR-AF,25.0,g,3,531,pmagpy-4.2.25-1,999-U999A-1H-3-A-25.0,u,2019-01-25T04:18:18Z,0.01,0,0,0,2,273.0
206.37993313260972,This study,1H,6.275,1H-3,IN-LINE AF DEMAG:: average of multiple measurements,66.2,296.3799331326097,57.4,999-U999A-1H-3-A-27.5_LP-DIR-AF,LORE[112708591],IODP-SRM:IODP-SRM-AF,2.08e-07,3.3695e-06,18.0,273.0,999-U999A-1H-3-A-27.5_LP-DIR-AF-537,LT-AF-Z:DE-VM:LP-DIR-AF,27.5,g,3,536,pmagpy-4.2.25-1,999-U999A-1H-3-A-27.5,u,2019-01-25T04:18:18Z,0.01,0,0,0,2,273.0
201.47993313260974,This study,1H,6.3,1H-3,IN-LINE AF DEMAG:: average of multiple measurements,62.6,291.47993313260974,57.6,999-U999A-1H-3-A-30.0_LP-DIR-AF,LORE[112708591],IODP-SRM:IODP-SRM-AF,2.2829999999999997e-07,2.5692000000000003e-06,18.0,273.0,999-U999A-1H-3-A-30.0_LP-DIR-AF-542,LT-AF-Z:DE-VM:LP-DIR-AF,30.0,g,3,541,pmagpy-4.2.25-1,999-U999A-1H-3-A-30.0,u,2019-01-25T04:18:18Z,0.01,0,0,0,2,273.0
197.87993313260972,This study,1H,6.325,1H-3,IN-LINE AF DEMAG:: average of multiple measurements,52.4,287.8799331326097,58.1,999-U999A-1H-3-A-32.5_LP-DIR-AF,LORE[112708591],IODP-SRM:IODP-SRM-AF,3.2729999999999997e-07,1.6445e-06,19.0,273.0,999-U999A-1H-3-A-32.5_LP-DIR-AF-547,LT-AF-Z:DE-VM:LP-DIR-AF,32.5,g,3,546,pmagpy-4.2.25-1,999-U999A-1H-3-A-32.5,u,2019-01-25T04:18:18Z,0.01,0,0,0,2,273.0
197.77993313260976,This study,1H,6.35,1H-3,IN-LINE AF DEMAG:: average of multiple measurements,59.7,287.77993313260976,55.2,999-U999A-1H-3-A-35.0_LP-DIR-AF,LORE[112708591],IODP-SRM:IODP-SRM-AF,3.185e-07,2.4741e-06,19.0,273.0,999-U999A-1H-3-A-35.0_LP-DIR-AF-552,LT-AF-Z:DE-VM:LP-DIR-AF,35.0,g,3,551,pmagpy-4.2.25-1,999-U999A-1H-3-A-35.0,u,2019-01-25T04:18:18Z,0.01,0,0,0,2,273.0
197.87993313260972,This study,1H,6.375,1H-3,IN-LINE AF DEMAG:: average of multiple measurements,65.8,287.8799331326097,48.8,999-U999A-1H-3-A-37.5_LP-DIR-AF,LORE[112708591],IODP-SRM:IODP-SRM-AF,2.964e-07,2.3032e-06,19.0,273.0,999-U999A-1H-3-A-37.5_LP-DIR-AF-557,LT-AF-Z:DE-VM:LP-DIR-AF,37.5,g,3,556,pmagpy-4.2.25-1,999-U999A-1H-3-A-37.5,u,2019-01-25T04:18:18Z,0.01,0,0,0,2,273.0
198.07993313260977,This study,1H,6.4,1H-3,IN-LINE AF DEMAG:: average of multiple measurements,63.9,288.07993313260977,42.7,999-U999A-1H-3-A-40.0_LP-DIR-AF,LORE[112708591],IODP-SRM:IODP-SRM-AF,2.625e-07,6.269199999999998e-06,19.0,273.0,999-U999A-1H-3-A-40.0_LP-DIR-AF-562,LT-AF-Z:DE-VM:LP-DIR-AF,40.0,g,3,561,pmagpy-4.2.25-1,999-U999A-1H-3-A-40.0,u,2019-01-25T04:18:18Z,0.01,0,0,0,2,273.0
200.97993313260974,This study,1H,6.425,1H-3,IN-LINE AF DEMAG:: average of multiple measurements,59.6,290.97993313260974,39.5,999-U999A-1H-3-A-42.5_LP-DIR-AF,LORE[112708591],IODP-SRM:IODP-SRM-AF,2.262e-07,4.2475e-06,19.0,273.0,999-U999A-1H-3-A-42.5_LP-DIR-AF-567,LT-AF-Z:DE-VM:LP-DIR-AF,42.5,g,3,566,pmagpy-4.2.25-1,999-U999A-1H-3-A-42.5,u,2019-01-25T04:18:18Z,0.01,0,0,0,2,273.0
206.27993313260976,This study,1H,6.45,1H-3,IN-LINE AF DEMAG:: average of multiple measurements,49.1,296.27993313260976,38.7,999-U999A-1H-3-A-45.0_LP-DIR-AF,LORE[112708591],IODP-SRM:IODP-SRM-AF,2.118e-07,2.2608e-06,19.0,273.0,999-U999A-1H-3-A-45.0_LP-DIR-AF-572,LT-AF-Z:DE-VM:LP-DIR-AF,45.0,g,3,571,pmagpy-4.2.25-1,999-U999A-1H-3-A-45.0,u,2019-01-25T04:18:18Z,0.01,0,0,0,2,273.0
203.97993313260974,This study,1H,6.475,1H-3,IN-LINE AF DEMAG:: average of multiple measurements,52.7,293.97993313260974,37.8,999-U999A-1H-3-A-47.5_LP-DIR-AF,LORE[112708591],IODP-SRM:IODP-SRM-AF,1.466e-07,1.6059e-06,18.0,273.0,999-U999A-1H-3-A-47.5_LP-DIR-AF-577,LT-AF-Z:DE-VM:LP-DIR-AF,47.5,g,3,576,pmagpy-4.2.25-1,999-U999A-1H-3-A-47.5,u,2019-01-25T04:18:18Z,0.01,0,0,0,2,273.0
194.17993313260973,This study,1H,6.5,1H-3,IN-LINE AF DEMAG:: average of multiple measurements,70.4,284.17993313260973,34.1,999-U999A-1H-3-A-50.0_LP-DIR-AF,LORE[112708591],IODP-SRM:IODP-SRM-AF,1.3289999999999998e-07,3.1513e-06,18.0,273.0,999-U999A-1H-3-A-50.0_LP-DIR-AF-587,LT-AF-Z:DE-VM:LP-DIR-AF,50.0,g,3,586,pmagpy-4.2.25-1,999-U999A-1H-3-A-50.0,u,2019-01-25T04:18:18Z,0.01,0,0,0,2,273.0
313.57993313260977,This study,1H,6.525,1H-3,IN-LINE AF DEMAG:: average of multiple measurements,54.1,43.57993313260977,64.0,999-U999A-1H-3-A-52.5_LP-DIR-AF,LORE[112708591],IODP-SRM:IODP-SRM-AF,1.594e-10,3.7642e-06,8.0,273.0,999-U999A-1H-3-A-52.5_LP-DIR-AF-592,LT-AF-Z:DE-VM:LP-DIR-AF,52.5,g,3,591,pmagpy-4.2.25-1,999-U999A-1H-3-A-52.5,u,2019-01-25T04:18:18Z,0.01,0,0,0,2,273.0
237.97993313260974,This study,1H,6.55,1H-3,IN-LINE AF DEMAG:: average of multiple measurements,56.1,327.97993313260974,68.4,999-U999A-1H-3-A-55.0_LP-DIR-AF,LORE[112708561],IODP-SRM:IODP-SRM-AF,1.0630000000000001e-10,7.469e-07,8.0,273.0,999-U999A-1H-3-A-55.0_LP-DIR-AF-597,LT-AF-Z:DE-VM:LP-DIR-AF,55.0,g,3,596,pmagpy-4.2.25-1,999-U999A-1H-3-A-55.0,u,2019-01-25T04:03:23Z,0.01,0,0,0,2,273.0
245.87993313260972,This study,1H,6.575,1H-3,IN-LINE AF DEMAG:: average of multiple measurements,57.1,335.8799331326097,47.1,999-U999A-1H-3-A-57.5_LP-DIR-AF,LORE[112708561],IODP-SRM:IODP-SRM-AF,6.211e-11,1.6767e-06,8.0,273.0,999-U999A-1H-3-A-57.5_LP-DIR-AF-602,LT-AF-Z:DE-VM:LP-DIR-AF,57.5,g,3,601,pmagpy-4.2.25-1,999-U999A-1H-3-A-57.5,u,2019-01-25T04:03:23Z,0.01,0,0,0,2,273.0
296.07993313260977,This study,1H,6.6,1H-3,IN-LINE AF DEMAG:: average of multiple measurements,53.7,26.079933132609767,30.1,999-U999A-1H-3-A-60.0_LP-DIR-AF,LORE[112708591],IODP-SRM:IODP-SRM-AF,8.631e-11,2.6779e-06,8.0,273.0,999-U999A-1H-3-A-60.0_LP-DIR-AF-607,LT-AF-Z:DE-VM:LP-DIR-AF,60.0,g,3,606,pmagpy-4.2.25-1,999-U999A-1H-3-A-60.0,u,2019-01-25T04:18:18Z,0.01,0,0,0,2,273.0
309.17993313260973,This study,1H,6.625,1H-3,IN-LINE AF DEMAG:: average of multiple measurements,58.9,39.17993313260973,49.0,999-U999A-1H-3-A-62.5_LP-DIR-AF,LORE[112708591],IODP-SRM:IODP-SRM-AF,1.0070000000000001e-10,2.9902e-06,8.0,273.0,999-U999A-1H-3-A-62.5_LP-DIR-AF-612,LT-AF-Z:DE-VM:LP-DIR-AF,62.5,g,3,611,pmagpy-4.2.25-1,999-U999A-1H-3-A-62.5,u,2019-01-25T04:18:18Z,0.01,0,0,0,2,273.0
205.17993313260973,This study,1H,6.65,1H-3,IN-LINE AF DEMAG:: average of multiple measurements,55.9,295.17993313260973,68.3,999-U999A-1H-3-A-65.0_LP-DIR-AF,LORE[112708591],IODP-SRM:IODP-SRM-AF,9.168000000000001e-11,1.9673e-06,8.0,273.0,999-U999A-1H-3-A-65.0_LP-DIR-AF-617,LT-AF-Z:DE-VM:LP-DIR-AF,65.0,g,3,616,pmagpy-4.2.25-1,999-U999A-1H-3-A-65.0,u,2019-01-25T04:18:18Z,0.01,0,0,0,2,273.0
193.97993313260974,This study,1H,6.675,1H-3,IN-LINE AF DEMAG:: average of multiple measurements,54.3,283.97993313260974,60.9,999-U999A-1H-3-A-67.5_LP-DIR-AF,LORE[112708591],IODP-SRM:IODP-SRM-AF,1.414e-10,8.757700000000002e-07,8.0,273.0,999-U999A-1H-3-A-67.5_LP-DIR-AF-622,LT-AF-Z:DE-VM:LP-DIR-AF,67.5,g,3,621,pmagpy-4.2.25-1,999-U999A-1H-3-A-67.5,u,2019-01-25T04:18:18Z,0.01,0,0,0,2,273.0
193.97993313260974,This study,1H,6.7,1H-3,IN-LINE AF DEMAG:: average of multiple measurements,62.7,283.97993313260974,24.3,999-U999A-1H-3-A-70.0_LP-DIR-AF,LORE[112708591],IODP-SRM:IODP-SRM-AF,1.25e-10,5.1412e-07,8.0,273.0,999-U999A-1H-3-A-70.0_LP-DIR-AF-632,LT-AF-Z:DE-VM:LP-DIR-AF,70.0,g,3,631,pmagpy-4.2.25-1,999-U999A-1H-3-A-70.0,u,2019-01-25T04:18:18Z,0.01,0,0,0,2,273.0
292.57993313260977,This study,1H,6.725,1H-3,IN-LINE AF DEMAG:: average of multiple measurements,51.6,22.579933132609767,19.6,999-U999A-1H-3-A-72.5_LP-DIR-AF,LORE[112708561],IODP-SRM:IODP-SRM-AF,1.196e-10,7.818800000000002e-07,8.0,273.0,999-U999A-1H-3-A-72.5_LP-DIR-AF-637,LT-AF-Z:DE-VM:LP-DIR-AF,72.5,g,3,636,pmagpy-4.2.25-1,999-U999A-1H-3-A-72.5,u,2019-01-25T04:03:23Z,0.01,0,0,0,2,273.0
296.8799331326097,This study,1H,6.75,1H-3,IN-LINE AF DEMAG:: average of multiple measurements,35.3,26.87993313260972,11.8,999-U999A-1H-3-A-75.0_LP-DIR-AF,LORE[112708561],IODP-SRM:IODP-SRM-AF,1.1470000000000001e-10,2.4959e-06,8.0,273.0,999-U999A-1H-3-A-75.0_LP-DIR-AF-642,LT-AF-Z:DE-VM:LP-DIR-AF,75.0,g,3,641,pmagpy-4.2.25-1,999-U999A-1H-3-A-75.0,u,2019-01-25T04:03:23Z,0.01,0,0,0,2,273.0
330.47993313260974,This study,1H,6.775,1H-3,IN-LINE AF DEMAG:: average of multiple measurements,60.5,60.479933132609744,39.7,999-U999A-1H-3-A-77.5_LP-DIR-AF,LORE[112708561],IODP-SRM:IODP-SRM-AF,1.254e-10,1.8575e-06,8.0,273.0,999-U999A-1H-3-A-77.5_LP-DIR-AF-647,LT-AF-Z:DE-VM:LP-DIR-AF,77.5,g,3,646,pmagpy-4.2.25-1,999-U999A-1H-3-A-77.5,u,2019-01-25T04:03:23Z,0.01,0,0,0,2,273.0
61.17993313260975,This study,1H,6.8,1H-3,IN-LINE AF DEMAG:: average of multiple measurements,74.0,151.17993313260973,51.3,999-U999A-1H-3-A-80.0_LP-DIR-AF,LORE[112708561],IODP-SRM:IODP-SRM-AF,8.356000000000001e-11,7.4377e-07,8.0,273.0,999-U999A-1H-3-A-80.0_LP-DIR-AF-652,LT-AF-Z:DE-VM:LP-DIR-AF,80.0,g,3,651,pmagpy-4.2.25-1,999-U999A-1H-3-A-80.0,u,2019-01-25T04:03:23Z,0.01,0,0,0,2,273.0
302.97993313260974,This study,1H,6.825,1H-3,IN-LINE AF DEMAG:: average of multiple measurements,43.9,32.979933132609744,32.7,999-U999A-1H-3-A-82.5_LP-DIR-AF,LORE[112708561],IODP-SRM:IODP-SRM-AF,1.167e-10,1.0126e-06,8.0,273.0,999-U999A-1H-3-A-82.5_LP-DIR-AF-657,LT-AF-Z:DE-VM:LP-DIR-AF,82.5,g,3,656,pmagpy-4.2.25-1,999-U999A-1H-3-A-82.5,u,2019-01-25T04:03:23Z,0.01,0,0,0,2,273.0
308.8799331326097,This study,1H,6.85,1H-3,IN-LINE AF DEMAG:: average of multiple measurements,32.9,38.87993313260972,28.6,999-U999A-1H-3-A-85.0_LP-DIR-AF,LORE[112708561],IODP-SRM:IODP-SRM-AF,1.317e-10,1.4790000000000004e-06,8.0,273.0,999-U999A-1H-3-A-85.0_LP-DIR-AF-662,LT-AF-Z:DE-VM:LP-DIR-AF,85.0,g,3,661,pmagpy-4.2.25-1,999-U999A-1H-3-A-85.0,u,2019-01-25T04:03:23Z,0.01,0,0,0,2,273.0
330.77993313260976,This study,1H,6.875,1H-3,IN-LINE AF DEMAG:: average of multiple measurements,53.2,60.779933132609756,35.5,999-U999A-1H-3-A-87.5_LP-DIR-AF,LORE[112708561],IODP-SRM:IODP-SRM-AF,1.222e-10,1.5708e-06,8.0,273.0,999-U999A-1H-3-A-87.5_LP-DIR-AF-667,LT-AF-Z:DE-VM:LP-DIR-AF,87.5,g,3,666,pmagpy-4.2.25-1,999-U999A-1H-3-A-87.5,u,2019-01-25T04:03:23Z,0.01,0,0,0,2,273.0
74.07993313260974,This study,1H,6.9,1H-3,IN-LINE AF DEMAG:: average of multiple measurements,52.3,164.07993313260974,21.7,999-U999A-1H-3-A-90.0_LP-DIR-AF,LORE[112708561],IODP-SRM:IODP-SRM-AF,1.739e-10,1.8598e-06,8.0,273.0,999-U999A-1H-3-A-90.0_LP-DIR-AF-672,LT-AF-Z:DE-VM:LP-DIR-AF,90.0,g,3,671,pmagpy-4.2.25-1,999-U999A-1H-3-A-90.0,u,2019-01-25T04:03:23Z,0.01,0,0,0,2,273.0
70.37993313260975,This study,1H,6.925,1H-3,IN-LINE AF DEMAG:: average of multiple measurements,71.6,160.37993313260975,21.9,999-U999A-1H-3-A-92.5_LP-DIR-AF,LORE[112708561],IODP-SRM:IODP-SRM-AF,9.575e-11,1.1579e-06,8.0,273.0,999-U999A-1H-3-A-92.5_LP-DIR-AF-677,LT-AF-Z:DE-VM:LP-DIR-AF,92.5,g,3,676,pmagpy-4.2.25-1,999-U999A-1H-3-A-92.5,u,2019-01-25T04:03:23Z,0.01,0,0,0,2,273.0
314.8799331326097,This study,1H,6.95,1H-3,IN-LINE AF DEMAG:: average of multiple measurements,53.2,44.87993313260972,20.8,999-U999A-1H-3-A-95.0_LP-DIR-AF,LORE[112708561],IODP-SRM:IODP-SRM-AF,1.691e-10,2.0168e-06,8.0,273.0,999-U999A-1H-3-A-95.0_LP-DIR-AF-682,LT-AF-Z:DE-VM:LP-DIR-AF,95.0,g,3,681,pmagpy-4.2.25-1,999-U999A-1H-3-A-95.0,u,2019-01-25T04:03:23Z,0.01,0,0,0,2,273.0
315.17993313260973,This study,1H,6.975,1H-3,IN-LINE AF DEMAG:: average of multiple measurements,51.7,45.17993313260973,17.4,999-U999A-1H-3-A-97.5_LP-DIR-AF,LORE[112708561],IODP-SRM:IODP-SRM-AF,1.5699999999999997e-10,1.1297e-06,8.0,273.0,999-U999A-1H-3-A-97.5_LP-DIR-AF-687,LT-AF-Z:DE-VM:LP-DIR-AF,97.5,g,3,686,pmagpy-4.2.25-1,999-U999A-1H-3-A-97.5,u,2019-01-25T04:03:23Z,0.01,0,0,0,2,273.0
330.67993313260973,This study,1H,7.5,1H-4,IN-LINE AF DEMAG:,0.0,60.67993313260973,65.4,999-U999A-1H-4-A-100.0_LP-DIR-AF,LORE[112703961],IODP-SRM:IODP-SRM-AF,1.9577298130487774e-09,2.0061e-05,1.0,273.0,999-U999A-1H-4-A-100.0_LP-DIR-AF-695,LT-AF-Z:LP-DIR-AF,100.0,g,4,694,pmagpy-4.2.25-1,999-U999A-1H-4-A-100.0,u,2019-01-18T19:57:40Z,0.01,0,0,0,1,273.0
174.27993313260976,This study,1H,7.525,1H-4,IN-LINE AF DEMAG:,0.0,264.27993313260976,73.3,999-U999A-1H-4-A-102.5_LP-DIR-AF,LORE[112703961],IODP-SRM:IODP-SRM-AF,1.4937023399928112e-09,2.519e-05,1.0,273.0,999-U999A-1H-4-A-102.5_LP-DIR-AF-697,LT-AF-Z:LP-DIR-AF,102.5,g,4,696,pmagpy-4.2.25-1,999-U999A-1H-4-A-102.5,u,2019-01-18T19:57:40Z,0.01,0,0,0,1,273.0
171.77993313260976,This study,1H,7.55,1H-4,IN-LINE AF DEMAG:,0.0,261.77993313260976,48.5,999-U999A-1H-4-A-105.0_LP-DIR-AF,LORE[112703961],IODP-SRM:IODP-SRM-AF,1.7236493795505517e-09,3.2634e-05,1.0,273.0,999-U999A-1H-4-A-105.0_LP-DIR-AF-699,LT-AF-Z:LP-DIR-AF,105.0,g,4,698,pmagpy-4.2.25-1,999-U999A-1H-4-A-105.0,u,2019-01-18T19:57:40Z,0.01,0,0,0,1,273.0
177.37993313260975,This study,1H,7.575,1H-4,IN-LINE AF DEMAG:,0.0,267.3799331326097,26.3,999-U999A-1H-4-A-107.5_LP-DIR-AF,LORE[112703961],IODP-SRM:IODP-SRM-AF,3.5506507185162554e-09,4.3973e-05,1.0,273.0,999-U999A-1H-4-A-107.5_LP-DIR-AF-701,LT-AF-Z:LP-DIR-AF,107.5,g,4,700,pmagpy-4.2.25-1,999-U999A-1H-4-A-107.5,u,2019-01-18T19:57:40Z,0.01,0,0,0,1,273.0
238.67993313260973,This study,1H,7.6,1H-4,IN-LINE AF DEMAG:,0.0,328.67993313260973,25.1,999-U999A-1H-4-A-110.0_LP-DIR-AF,LORE[112703961],IODP-SRM:IODP-SRM-AF,4.312251110499016e-09,4.6586e-05,1.0,273.0,999-U999A-1H-4-A-110.0_LP-DIR-AF-703,LT-AF-Z:LP-DIR-AF,110.0,g,4,702,pmagpy-4.2.25-1,999-U999A-1H-4-A-110.0,u,2019-01-18T19:57:40Z,0.01,0,0,0,1,273.0
229.27993313260976,This study,1H,7.625,1H-4,IN-LINE AF DEMAG:,0.0,319.27993313260976,60.2,999-U999A-1H-4-A-112.5_LP-DIR-AF,LORE[112703961],IODP-SRM:IODP-SRM-AF,3.985323753486033e-09,4.6659e-05,1.0,273.0,999-U999A-1H-4-A-112.5_LP-DIR-AF-705,LT-AF-Z:LP-DIR-AF,112.5,g,4,704,pmagpy-4.2.25-1,999-U999A-1H-4-A-112.5,u,2019-01-18T19:57:40Z,0.01,0,0,0,1,273.0
151.97993313260974,This study,1H,6.625,1H-4,IN-LINE AF DEMAG:,0.0,241.97993313260974,70.5,999-U999A-1H-4-A-12.5_LP-DIR-AF,LORE[112703961],IODP-SRM:IODP-SRM-AF,3.599681938727365e-10,1.5157e-05,1.0,273.0,999-U999A-1H-4-A-12.5_LP-DIR-AF-711,LT-AF-Z:LP-DIR-AF,12.5,g,4,710,pmagpy-4.2.25-1,999-U999A-1H-4-A-12.5,u,2019-01-18T19:57:40Z,0.01,0,0,0,1,273.0
171.87993313260975,This study,1H,6.65,1H-4,IN-LINE AF DEMAG:,0.0,261.8799331326097,63.7,999-U999A-1H-4-A-15.0_LP-DIR-AF,LORE[112703961],IODP-SRM:IODP-SRM-AF,5.527171323208644e-10,1.0709e-05,1.0,273.0,999-U999A-1H-4-A-15.0_LP-DIR-AF-719,LT-AF-Z:LP-DIR-AF,15.0,g,4,718,pmagpy-4.2.25-1,999-U999A-1H-4-A-15.0,u,2019-01-18T19:57:40Z,0.01,0,0,0,1,273.0
171.07993313260974,This study,1H,6.675,1H-4,IN-LINE AF DEMAG:,0.0,261.07993313260977,46.0,999-U999A-1H-4-A-17.5_LP-DIR-AF,LORE[112703961],IODP-SRM:IODP-SRM-AF,6.446202613942568e-10,8.9496e-06,1.0,273.0,999-U999A-1H-4-A-17.5_LP-DIR-AF-721,LT-AF-Z:LP-DIR-AF,17.5,g,4,720,pmagpy-4.2.25-1,999-U999A-1H-4-A-17.5,u,2019-01-18T19:57:40Z,0.01,0,0,0,1,273.0
143.37993313260975,This study,1H,6.7,1H-4,IN-LINE AF DEMAG:,0.0,233.37993313260975,15.7,999-U999A-1H-4-A-20.0_LP-DIR-AF,LORE[112703961],IODP-SRM:IODP-SRM-AF,7.139564548346068e-10,7.0046000000000015e-06,1.0,273.0,999-U999A-1H-4-A-20.0_LP-DIR-AF-725,LT-AF-Z:LP-DIR-AF,20.0,g,4,724,pmagpy-4.2.25-1,999-U999A-1H-4-A-20.0,u,2019-01-18T19:57:40Z,0.01,0,0,0,1,273.0
118.17993313260973,This study,1H,6.725,1H-4,IN-LINE AF DEMAG:,0.0,208.17993313260973,-27.9,999-U999A-1H-4-A-22.5_LP-DIR-AF,LORE[112703961],IODP-SRM:IODP-SRM-AF,1.0542205680975877e-09,1.1707e-05,1.0,273.0,999-U999A-1H-4-A-22.5_LP-DIR-AF-727,LT-AF-Z:LP-DIR-AF,22.5,g,4,726,pmagpy-4.2.25-1,999-U999A-1H-4-A-22.5,u,2019-01-18T19:57:40Z,0.01,0,0,0,1,273.0
146.87993313260975,This study,1H,6.75,1H-4,IN-LINE AF DEMAG:,0.0,236.87993313260975,-66.3,999-U999A-1H-4-A-25.0_LP-DIR-AF,LORE[112703961],IODP-SRM:IODP-SRM-AF,1.4917643210641555e-09,1.1438e-05,1.0,273.0,999-U999A-1H-4-A-25.0_LP-DIR-AF-729,LT-AF-Z:LP-DIR-AF,25.0,g,4,728,pmagpy-4.2.25-1,999-U999A-1H-4-A-25.0,u,2019-01-18T19:57:40Z,0.01,0,0,0,1,273.0
209.67993313260973,This study,1H,6.775,1H-4,IN-LINE AF DEMAG:,0.0,299.67993313260973,-63.1,999-U999A-1H-4-A-27.5_LP-DIR-AF,LORE[112703961],IODP-SRM:IODP-SRM-AF,1.9936295560610048e-09,1.2638e-05,1.0,273.0,999-U999A-1H-4-A-27.5_LP-DIR-AF-731,LT-AF-Z:LP-DIR-AF,27.5,g,4,730,pmagpy-4.2.25-1,999-U999A-1H-4-A-27.5,u,2019-01-18T19:57:40Z,0.01,0,0,0,1,273.0
239.57993313260977,This study,1H,6.8,1H-4,IN-LINE AF DEMAG:,0.0,329.57993313260977,-49.2,999-U999A-1H-4-A-30.0_LP-DIR-AF,LORE[112703961],IODP-SRM:IODP-SRM-AF,1.8719139042434614e-09,1.0033e-05,1.0,273.0,999-U999A-1H-4-A-30.0_LP-DIR-AF-733,LT-AF-Z:LP-DIR-AF,30.0,g,4,732,pmagpy-4.2.25-1,999-U999A-1H-4-A-30.0,u,2019-01-18T19:57:40Z,0.01,0,0,0,1,273.0
202.57993313260977,This study,1H,6.825,1H-4,IN-LINE AF DEMAG:,0.0,292.57993313260977,-49.0,999-U999A-1H-4-A-32.5_LP-DIR-AF,LORE[112703961],IODP-SRM:IODP-SRM-AF,1.0547549876388357e-09,4.832e-06,1.0,273.0,999-U999A-1H-4-A-32.5_LP-DIR-AF-735,LT-AF-Z:LP-DIR-AF,32.5,g,4,734,pmagpy-4.2.25-1,999-U999A-1H-4-A-32.5,u,2019-01-18T19:57:40Z,0.01,0,0,0,1,273.0
173.67993313260973,This study,1H,6.85,1H-4,IN-LINE AF DEMAG:,0.0,263.67993313260973,-34.1,999-U999A-1H-4-A-35.0_LP-DIR-AF,LORE[112703961],IODP-SRM:IODP-SRM-AF,7.313716958728988e-10,4.5013e-06,1.0,273.0,999-U999A-1H-4-A-35.0_LP-DIR-AF-737,LT-AF-Z:LP-DIR-AF,35.0,g,4,736,pmagpy-4.2.25-1,999-U999A-1H-4-A-35.0,u,2019-01-18T19:57:40Z,0.01,0,0,0,1,273.0
278.47993313260974,This study,1H,6.875,1H-4,IN-LINE AF DEMAG:,0.0,8.479933132609744,-9.8,999-U999A-1H-4-A-37.5_LP-DIR-AF,LORE[112703961],IODP-SRM:IODP-SRM-AF,1.1555505052138567e-09,8.8878e-06,1.0,273.0,999-U999A-1H-4-A-37.5_LP-DIR-AF-739,LT-AF-Z:LP-DIR-AF,37.5,g,4,738,pmagpy-4.2.25-1,999-U999A-1H-4-A-37.5,u,2019-01-18T19:57:40Z,0.01,0,0,0,1,273.0
306.77993313260976,This study,1H,6.9,1H-4,IN-LINE AF DEMAG:,0.0,36.779933132609756,22.8,999-U999A-1H-4-A-40.0_LP-DIR-AF,LORE[112703961],IODP-SRM:IODP-SRM-AF,1.683319599660148e-09,1.248e-05,1.0,273.0,999-U999A-1H-4-A-40.0_LP-DIR-AF-741,LT-AF-Z:LP-DIR-AF,40.0,g,4,740,pmagpy-4.2.25-1,999-U999A-1H-4-A-40.0,u,2019-01-18T19:57:40Z,0.01,0,0,0,1,273.0
36.37993313260975,This study,1H,6.925,1H-4,IN-LINE AF DEMAG:,0.0,126.37993313260975,36.9,999-U999A-1H-4-A-42.5_LP-DIR-AF,LORE[112703961],IODP-SRM:IODP-SRM-AF,2.1992092326334027e-09,1.434e-05,1.0,273.0,999-U999A-1H-4-A-42.5_LP-DIR-AF-743,LT-AF-Z:LP-DIR-AF,42.5,g,4,742,pmagpy-4.2.25-1,999-U999A-1H-4-A-42.5,u,2019-01-18T19:57:40Z,0.01,0,0,0,1,273.0
79.47993313260974,This study,1H,6.95,1H-4,IN-LINE AF DEMAG:,0.0,169.47993313260974,1.1,999-U999A-1H-4-A-45.0_LP-DIR-AF,LORE[112703961],IODP-SRM:IODP-SRM-AF,2.0649872924829344e-09,2.3772e-05,1.0,273.0,999-U999A-1H-4-A-45.0_LP-DIR-AF-745,LT-AF-Z:LP-DIR-AF,45.0,g,4,744,pmagpy-4.2.25-1,999-U999A-1H-4-A-45.0,u,2019-01-18T19:57:40Z,0.01,0,0,0,1,273.0
85.17993313260973,This study,1H,6.975,1H-4,IN-LINE AF DEMAG:,0.0,175.17993313260973,-31.0,999-U999A-1H-4-A-47.5_LP-DIR-AF,LORE[112703961],IODP-SRM:IODP-SRM-AF,2.1638641602697712e-09,2.1727e-05,1.0,273.0,999-U999A-1H-4-A-47.5_LP-DIR-AF-747,LT-AF-Z:LP-DIR-AF,47.5,g,4,746,pmagpy-4.2.25-1,999-U999A-1H-4-A-47.5,u,2019-01-18T19:57:40Z,0.01,0,0,0,1,273.0
96.87993313260975,This study,1H,7.0,1H-4,IN-LINE AF DEMAG:,0.0,186.87993313260975,-76.4,999-U999A-1H-4-A-50.0_LP-DIR-AF,LORE[112703961],IODP-SRM:IODP-SRM-AF,1.589593431415719e-09,1.7563e-05,1.0,273.0,999-U999A-1H-4-A-50.0_LP-DIR-AF-751,LT-AF-Z:LP-DIR-AF,50.0,g,4,750,pmagpy-4.2.25-1,999-U999A-1H-4-A-50.0,u,2019-01-18T19:57:40Z,0.01,0,0,0,1,273.0
271.47993313260974,This study,1H,7.025,1H-4,IN-LINE AF DEMAG:,0.0,1.4799331326097445,-65.5,999-U999A-1H-4-A-52.5_LP-DIR-AF,LORE[112703961],IODP-SRM:IODP-SRM-AF,8.291178244375161e-10,1.6937e-05,1.0,273.0,999-U999A-1H-4-A-52.5_LP-DIR-AF-753,LT-AF-Z:LP-DIR-AF,52.5,g,4,752,pmagpy-4.2.25-1,999-U999A-1H-4-A-52.5,u,2019-01-18T19:57:40Z,0.01,0,0,0,1,273.0
275.07993313260977,This study,1H,7.05,1H-4,IN-LINE AF DEMAG:,0.0,5.079933132609767,-43.5,999-U999A-1H-4-A-55.0_LP-DIR-AF,LORE[112703961],IODP-SRM:IODP-SRM-AF,7.14254098623172e-10,1.268e-05,1.0,273.0,999-U999A-1H-4-A-55.0_LP-DIR-AF-755,LT-AF-Z:LP-DIR-AF,55.0,g,4,754,pmagpy-4.2.25-1,999-U999A-1H-4-A-55.0,u,2019-01-18T19:57:40Z,0.01,0,0,0,1,273.0
278.17993313260973,This study,1H,7.075,1H-4,IN-LINE AF DEMAG:,0.0,8.179933132609733,-22.8,999-U999A-1H-4-A-57.5_LP-DIR-AF,LORE[112703961],IODP-SRM:IODP-SRM-AF,2.8730737610440844e-10,6.563400000000001e-06,1.0,273.0,999-U999A-1H-4-A-57.5_LP-DIR-AF-757,LT-AF-Z:LP-DIR-AF,57.5,g,4,756,pmagpy-4.2.25-1,999-U999A-1H-4-A-57.5,u,2019-01-18T19:57:40Z,0.01,0,0,0,1,273.0
283.77993313260976,This study,1H,7.1,1H-4,IN-LINE AF DEMAG:,0.0,13.779933132609756,20.8,999-U999A-1H-4-A-60.0_LP-DIR-AF,LORE[112703961],IODP-SRM:IODP-SRM-AF,3.5158683749110967e-10,3.7809e-06,1.0,273.0,999-U999A-1H-4-A-60.0_LP-DIR-AF-759,LT-AF-Z:LP-DIR-AF,60.0,g,4,758,pmagpy-4.2.25-1,999-U999A-1H-4-A-60.0,u,2019-01-18T19:57:40Z,0.01,0,0,0,1,273.0
297.47993313260974,This study,1H,7.125,1H-4,IN-LINE AF DEMAG:,0.0,27.479933132609744,46.8,999-U999A-1H-4-A-62.5_LP-DIR-AF,LORE[112703961],IODP-SRM:IODP-SRM-AF,3.678988223683245e-10,7.2801e-06,1.0,273.0,999-U999A-1H-4-A-62.5_LP-DIR-AF-761,LT-AF-Z:LP-DIR-AF,62.5,g,4,760,pmagpy-4.2.25-1,999-U999A-1H-4-A-62.5,u,2019-01-18T19:57:40Z,0.01,0,0,0,1,273.0
293.77993313260976,This study,1H,7.15,1H-4,IN-LINE AF DEMAG:,0.0,23.779933132609756,42.6,999-U999A-1H-4-A-65.0_LP-DIR-AF,LORE[112703961],IODP-SRM:IODP-SRM-AF,8.931269946653724e-10,1.7407e-05,1.0,273.0,999-U999A-1H-4-A-65.0_LP-DIR-AF-763,LT-AF-Z:LP-DIR-AF,65.0,g,4,762,pmagpy-4.2.25-1,999-U999A-1H-4-A-65.0,u,2019-01-18T19:57:40Z,0.01,0,0,0,1,273.0
294.07993313260977,This study,1H,7.175,1H-4,IN-LINE AF DEMAG:,0.0,24.079933132609767,46.5,999-U999A-1H-4-A-67.5_LP-DIR-AF,LORE[112703961],IODP-SRM:IODP-SRM-AF,1.3836131900571055e-09,3.1898e-05,1.0,273.0,999-U999A-1H-4-A-67.5_LP-DIR-AF-765,LT-AF-Z:LP-DIR-AF,67.5,g,4,764,pmagpy-4.2.25-1,999-U999A-1H-4-A-67.5,u,2019-01-18T19:57:40Z,0.01,0,0,0,1,273.0
322.07993313260977,This study,1H,7.2,1H-4,IN-LINE AF DEMAG:,0.0,52.07993313260977,76.7,999-U999A-1H-4-A-70.0_LP-DIR-AF,LORE[112703961],IODP-SRM:IODP-SRM-AF,1.2211416813375914e-09,3.6609e-05,1.0,273.0,999-U999A-1H-4-A-70.0_LP-DIR-AF-769,LT-AF-Z:LP-DIR-AF,70.0,g,4,768,pmagpy-4.2.25-1,999-U999A-1H-4-A-70.0,u,2019-01-18T19:57:40Z,0.01,0,0,0,1,273.0
86.77993313260976,This study,1H,7.225,1H-4,IN-LINE AF DEMAG:,0.0,176.77993313260976,69.8,999-U999A-1H-4-A-72.5_LP-DIR-AF,LORE[112703961],IODP-SRM:IODP-SRM-AF,1.1289666467172536e-09,3.5328000000000005e-05,1.0,273.0,999-U999A-1H-4-A-72.5_LP-DIR-AF-771,LT-AF-Z:LP-DIR-AF,72.5,g,4,770,pmagpy-4.2.25-1,999-U999A-1H-4-A-72.5,u,2019-01-18T19:57:40Z,0.01,0,0,0,1,273.0
115.67993313260973,This study,1H,7.25,1H-4,IN-LINE AF DEMAG:,0.0,205.67993313260973,49.5,999-U999A-1H-4-A-75.0_LP-DIR-AF,LORE[112703961],IODP-SRM:IODP-SRM-AF,8.351211050500399e-10,2.8053e-05,1.0,273.0,999-U999A-1H-4-A-75.0_LP-DIR-AF-773,LT-AF-Z:LP-DIR-AF,75.0,g,4,772,pmagpy-4.2.25-1,999-U999A-1H-4-A-75.0,u,2019-01-18T19:57:40Z,0.01,0,0,0,1,273.0
157.57993313260974,This study,1H,7.275,1H-4,IN-LINE AF DEMAG:,0.0,247.57993313260974,48.2,999-U999A-1H-4-A-77.5_LP-DIR-AF,LORE[112703961],IODP-SRM:IODP-SRM-AF,6.042017601761847e-10,1.8049e-05,1.0,273.0,999-U999A-1H-4-A-77.5_LP-DIR-AF-775,LT-AF-Z:LP-DIR-AF,77.5,g,4,774,pmagpy-4.2.25-1,999-U999A-1H-4-A-77.5,u,2019-01-18T19:57:40Z,0.01,0,0,0,1,273.0
151.27993313260976,This study,1H,7.3,1H-4,IN-LINE AF DEMAG:,0.0,241.27993313260976,43.6,999-U999A-1H-4-A-80.0_LP-DIR-AF,LORE[112703961],IODP-SRM:IODP-SRM-AF,1.3096238325351293e-09,1.2691e-05,1.0,273.0,999-U999A-1H-4-A-80.0_LP-DIR-AF-777,LT-AF-Z:LP-DIR-AF,80.0,g,4,776,pmagpy-4.2.25-1,999-U999A-1H-4-A-80.0,u,2019-01-18T19:57:40Z,0.01,0,0,0,1,273.0
103.47993313260974,This study,1H,7.325,1H-4,IN-LINE AF DEMAG:,0.0,193.47993313260974,33.5,999-U999A-1H-4-A-82.5_LP-DIR-AF,LORE[112703961],IODP-SRM:IODP-SRM-AF,1.1208751339912937e-09,8.512100000000001e-06,1.0,273.0,999-U999A-1H-4-A-82.5_LP-DIR-AF-779,LT-AF-Z:LP-DIR-AF,82.5,g,4,778,pmagpy-4.2.25-1,999-U999A-1H-4-A-82.5,u,2019-01-18T19:57:40Z,0.01,0,0,0,1,273.0
74.07993313260974,This study,1H,7.35,1H-4,IN-LINE AF DEMAG:,0.0,164.07993313260974,13.5,999-U999A-1H-4-A-85.0_LP-DIR-AF,LORE[112703961],IODP-SRM:IODP-SRM-AF,4.391634293745325e-10,7.3075e-06,1.0,273.0,999-U999A-1H-4-A-85.0_LP-DIR-AF-781,LT-AF-Z:LP-DIR-AF,85.0,g,4,780,pmagpy-4.2.25-1,999-U999A-1H-4-A-85.0,u,2019-01-18T19:57:40Z,0.01,0,0,0,1,273.0
111.17993313260973,This study,1H,7.375,1H-4,IN-LINE AF DEMAG:,0.0,201.17993313260973,-10.2,999-U999A-1H-4-A-87.5_LP-DIR-AF,LORE[112703961],IODP-SRM:IODP-SRM-AF,5.983047236392172e-10,8.390599999999999e-06,1.0,273.0,999-U999A-1H-4-A-87.5_LP-DIR-AF-783,LT-AF-Z:LP-DIR-AF,87.5,g,4,782,pmagpy-4.2.25-1,999-U999A-1H-4-A-87.5,u,2019-01-18T19:57:40Z,0.01,0,0,0,1,273.0
131.97993313260974,This study,1H,7.4,1H-4,IN-LINE AF DEMAG:,0.0,221.97993313260974,-24.9,999-U999A-1H-4-A-90.0_LP-DIR-AF,LORE[112703961],IODP-SRM:IODP-SRM-AF,1.1884061704653002e-09,1.768e-05,1.0,273.0,999-U999A-1H-4-A-90.0_LP-DIR-AF-785,LT-AF-Z:LP-DIR-AF,90.0,g,4,784,pmagpy-4.2.25-1,999-U999A-1H-4-A-90.0,u,2019-01-18T19:57:40Z,0.01,0,0,0,1,273.0
150.87993313260975,This study,1H,7.425,1H-4,IN-LINE AF DEMAG:,0.0,240.87993313260975,-59.0,999-U999A-1H-4-A-92.5_LP-DIR-AF,LORE[112703961],IODP-SRM:IODP-SRM-AF,1.8317193109275774e-09,1.7047e-05,1.0,273.0,999-U999A-1H-4-A-92.5_LP-DIR-AF-787,LT-AF-Z:LP-DIR-AF,92.5,g,4,786,pmagpy-4.2.25-1,999-U999A-1H-4-A-92.5,u,2019-01-18T19:57:40Z,0.01,0,0,0,1,273.0
310.47993313260974,This study,1H,7.45,1H-4,IN-LINE AF DEMAG:,0.0,40.479933132609744,-46.4,999-U999A-1H-4-A-95.0_LP-DIR-AF,LORE[112703961],IODP-SRM:IODP-SRM-AF,2.314054561802725e-09,1.4378e-05,1.0,273.0,999-U999A-1H-4-A-95.0_LP-DIR-AF-789,LT-AF-Z:LP-DIR-AF,95.0,g,4,788,pmagpy-4.2.25-1,999-U999A-1H-4-A-95.0,u,2019-01-18T19:57:40Z,0.01,0,0,0,1,273.0
325.8799331326097,This study,1H,7.475,1H-4,IN-LINE AF DEMAG:,0.0,55.87993313260972,18.8,999-U999A-1H-4-A-97.5_LP-DIR-AF,LORE[112703961],IODP-SRM:IODP-SRM-AF,2.544227084990646e-09,1.8965e-05,1.0,273.0,999-U999A-1H-4-A-97.5_LP-DIR-AF-791,LT-AF-Z:LP-DIR-AF,97.5,g,4,790,pmagpy-4.2.25-1,999-U999A-1H-4-A-97.5,u,2019-01-18T19:57:40Z,0.01,0,0,0,1,273.0
